plot,code,species
HC01,CAREX SP.,Carex sp.
HC01,COLPAR,Collinsia parviflora 
HC01,HELANN,Helianthus annuus
HC01,QUEGAM,Quercus gambelii
HC01,APOAND,Apocynum androsaemifolium
HC01,HARTRA,Harbouria trachypleura
HC01,CHEALB,Chenopodium album
HC01,PHAHAS,Phacelia hastata
HC01,LACSER,Lactuca serriola
HC01,PENVIR,Penstemon virens
HC02,TRIAES,Triticum aestivum
HC02,GERBIC,Geranium bicknellii
HC02,ACHMIL,Achillea millefolium
HC02,QUEGAM,Quercus gambelii
HC02,CEAFEN,Ceanothus fendleri
HC02,VERTHA,Verbascum thapsus
HC02,CLAPER,Claytonia perfoliata
HC02,LACSER,Lactuca serriola
HC02,MAHREP,Mahonia repens
HC02,CAMPET,Campanula petiolata
HC03,QUEGAM,Quercus gambelii
HC03,MAHREP,Mahonia repens
HC03,CLAPER,Claytonia perfoliata
HC03,CAREX SP.,Carex sp.
HC03,COLLIN,Collomia linearis
HC03,BROTEC,Bromus tectorum
HC03,BROINE,Bromus inermis
HC03,COLPAR,Collinsia parviflora 
HC03,GALAPA,Galium aparine
HC03,SENINT,Senecio integerrimus 
HC03,LACSER,Lactuca serriola
HC03,CHAANG,Chamerion angustifolium
HC03,CHEALB,Chenopodium album
HC03,TAROFF,Taraxacum officinale
HC04,QUEGAM,Quercus gambelii
HC04,CAREX SP.,Carex sp.
HC04,CHEHYB,Chenopodiastrum hybridium
HC04,PHYMON2,Physocarpus monogynus
HC04,GALAPA,Galium aparine
HC04,AGOGLA,Agoseris glauca
HC04,MAHREP,Mahonia repens
HC04,GALBOR,Galium boreale
HC04,LATLAN,Lathyrus lanszwertii
HC04,TAROFF,Taraxacum officinale
HC04,CHEALB,Chenopodium album
HC04,CAMMIC,Camelina microcarpa
HC04,DESPIN,Descurainia pinnata
HC04,BROTEC,Bromus tectorum
HC04,CLAPER,Claytonia perfoliata
HC04,CERMON,Cercocarpus montanus
HC04,SCUBRI,Scutellaria brittonii
HC04,ALLCER,Allium cernuum
HC04,CALGUN,Calochortus gunnisonii
HC04,VIONUT,Viola nuttallii
HC04,SYMALB,Symphoricarpos albus
HC04,LACSER,Lactuca serriola
HC05,ARNLAT,Arnica latifolia
HC05,COLPAR,Collinsia parviflora 
HC05,CLAPER,Claytonia perfoliata
HC05,MAHREP,Mahonia repens
HC05,COLLIN,Collomia linearis
HC05,LACSER,Lactuca serriola
HC05,ALLCER,Allium cernuum
HC05,QUEGAM,Quercus gambelii
HC05,APOAND,Apocynum androsaemifolium
HC05,PENVIR,Penstemon virens
HC05,CHAANG,Chamerion angustifolium
HC05,LATLAN,Lathyrus lanszwertii
HC05,GERBIC,Geranium bicknellii
HC05,CHEHYB,Chenopodiastrum hybridium
HC05,CLARUB,Claytonia rubra
HC05,SILANT,Silene antirrhina
HC05,PSEJAM,Pseudostellaria jamesiana
HC05,POLDOU,Polygonum douglasii 
HC05,HESCOM,Hesperostipa comata
HC05,GAYDIF,Gayophytum diffusum
HC05,TAROFF,Taraxacum officinale
HC05,POACOM,Poa compressa
HC06,MAHREP,Mahonia repens
HC06,CHEHYB,Chenopodiastrum hybridium
HC06,TAROFF,Taraxacum officinale
HC06,GALAPA,Galium aparine
HC06,QUEGAM,Quercus gambelii
HC06,ROSARK,Rosa arkansana
HC06,DRAPAR,Dracocephalum parviflorum
HC06,CAREX SP.,Carex sp.
HC06,CLAPER,Claytonia perfoliata
HC06,SYMALB,Symphoricarpos albus
HC06,GERRIC,Geranium richardsonii
HC06,DELNUT,Delphinium nuttallianum
HC06,PRUVIR,Prunus virginiana
HC06,ELLNYC,Ellisia nyctelea
HC06,THLARV,Thlaspi arvense
HC06,CHEFRE,Chenopodium fremontii
HC07,GERBIC,Geranium bicknellii
HC07,TRIAES,Triticum aestivum
HC07,APOAND,Apocynum androsaemifolium
HC07,MAHREP,Mahonia repens
HC07,ARNLAT,Arnica latifolia
HC07,DRYFIS,Drymocallis fissa
HC07,CHAANG,Chamerion angustifolium
HC07,CLAPER,Claytonia perfoliata
HC07,COLPAR,Collinsia parviflora 
HC07,CHEHYB,Chenopodiastrum hybridium
HC07,LACSER,Lactuca serriola
HC07,CAREX SP.,Carex sp.
HC07,GAYDIF,Gayophytum diffusum
HC07,BROTEC,Bromus tectorum
HC07,QUEGAM,Quercus gambelii
HC07,CAMPET,Campanula petiolata
HC07,CORAUR,Corydalis aurea
HFR01,CEAFEN,Ceanothus fendleri
HFR01,POLDOU,Polygonum douglasii 
HFR01,TRIAES,Triticum aestivum
HFR01,PHAHAS,Phacelia hastata
HFR01,ACEGLA,Acer glabrum
HFR01,CHEALB,Chenopodium album
HFR01,QUEGAM,Quercus gambelii
HFR01,CORAUR,Corydalis aurea
HFR01,ACHMIL,Achillea millefolium
HFR02,BROTEC,Bromus tectorum
HFR02,MERLAN,Mertensia lanceolata
HFR02,CAREX SP.,Carex sp.
HFR02,CHEHYB,Chenopodiastrum hybridium
HFR02,COLPAR,Collinsia parviflora 
HFR02,AGOGLA,Agoseris glauca
HFR02,MALNEG,Malva neglecta
HFR02,LACSER,Lactuca serriola
HFR02,GERBIC,Geranium bicknellii
HFR02,POLDOU,Polygonum douglasii 
HFR02,QUEGAM,Quercus gambelii
HFR02,CLAPER,Claytonia perfoliata
HFR02,ACEGLA,Acer glabrum
HFR02,VIOCAN,Viola canadensis
HFR02,GALAPA,Galium aparine
HFR03,LACSER,Lactuca serriola
HFR03,CHAANG,Chamerion angustifolium
HFR03,GAYDIF,Gayophytum diffusum
HFR03,MERLAN,Mertensia lanceolata
HFR03,MAHREP,Mahonia repens
HFR03,CAREX SP.,Carex sp.
HFR03,ACHMIL,Achillea millefolium
HFR04,TRIAES,Triticum aestivum
HFR04,CLAPER,Claytonia perfoliata
HFR04,QUEGAM,Quercus gambelii
HFR04,BROINE,Bromus inermis
HFR04,POAPRA,Poa pratensis
HFR04,COLPAR,Collinsia parviflora 
HFR04,DELNUT,Delphinium nuttallianum
HFR04,CAREX SP.,Carex sp.
HFR04,COLLIN,Collomia linearis
HFR04,TAROFF,Taraxacum officinale
HFR04,LACSER,Lactuca serriola
HFR04,SENINT,Senecio integerrimus 
HFR04,GAYDIF,Gayophytum diffusum
HFR04,ACHMIL,Achillea millefolium
HFR04,MAHREP,Mahonia repens
HFR04,VIONUT,Viola nuttallii
HFR05,TRIAES,Triticum aestivum
HFR05,GAYDIF,Gayophytum diffusum
HFR05,ACHMIL,Achillea millefolium
HFR05,CORAUR,Corydalis aurea
HFR05,QUEGAM,Quercus gambelii
HFR05,LACSER,Lactuca serriola
HFR05,BROINE,Bromus inermis
HFR05,COLPAR,Collinsia parviflora 
HFR05,POLDOU,Polygonum douglasii 
HFR05,VIONUT,Viola nuttallii
HFR05,HARTRA,Harbouria trachypleura
HFR05,HETVIL,Heterotheca villosa
HFR05,SENINT,Senecio integerrimus 
HFR05,ALLCER,Allium cernuum
HFR06,DRAPAR,Dracocephalum parviflorum
HFR06,TRIAES,Triticum aestivum
HFR06,LACSER,Lactuca serriola
HFR06,CLAPER,Claytonia perfoliata
HFR06,COLPAR,Collinsia parviflora 
HFR06,QUEGAM,Quercus gambelii
HFR06,HARTRA,Harbouria trachypleura
HFR06,CAMPET,Campanula petiolata
HFR06,CHAANG,Chamerion angustifolium
HFR06,APOAND,Apocynum androsaemifolium
HFR06,POLDOU,Polygonum douglasii 
HFR06,CAREX SP.,Carex sp.
HFR06,ACHMIL,Achillea millefolium
HFR06,CEAFEN,Ceanothus fendleri
HFR06,ARTLUD,Artemesia ludoviciana
HFR07,CLAPER,Claytonia perfoliata
HFR07,BROINE,Bromus inermis
HFR07,APOAND,Apocynum androsaemifolium
HFR07,QUEGAM,Quercus gambelii
HFR07,CAREX SP.,Carex sp.
HFR07,VIONUT,Viola nuttallii
HFR07,TAROFF,Taraxacum officinale
HFR07,COLPAR,Collinsia parviflora 
HFR07,GAYDIF,Gayophytum diffusum
HFR07,MAHREP,Mahonia repens
HFR07,SENINT,Senecio integerrimus 
HFR07,BROTEC,Bromus tectorum
HFR07,ARTLUD,Artemesia ludoviciana
HFR07,BOESTR,Boechera stricta
HFR07,ACHMIL,Achillea millefolium
HFR07,GRISUB,Grindelia subalpina
HFR07,DRYFIS,Drymocallis fissa
HFR07,LACSER,Lactuca serriola
LC01,GALAPA,Galium aparine
LC01,CAREX SP.,Carex sp.
LC01,PSEJAM,Pseudostellaria jamesiana
LC01,THAFEN,Thalictrum fendleri
LC01,MERCIL,Mertensia ciliata 
LC01,VIOCAN,Viola canadensis
LC01,PRUVIR,Prunus virginiana
LC01,ACEGLA,Acer glabrum
LC01,BROINE,Bromus inermis
LC01,FALCON,Fallopia convolvulus
LC01,CHEHYB,Chenopodiastrum hybridium
LC01,TAROFF,Taraxacum officinale
LC01,QUEGAM,Quercus gambelii
LC01,GERRIC,Geranium richardsonii
LC01,LATLAN,Lathyrus lanszwertii
LC01,MAIRAC,Maiantgemum racemosum
LC01,CYSFRA,Cystopteris fragilis
LC01,GALBOR,Galium boreale
LC01,LACSER,Lactuca serriola
LC01,PSEMEN,Pseudotsuga menziesii
LC01,JUNSCO,Juniperus scopulorum
LC01,MAHREP,Mahonia repens
LC02,QUEGAM,Quercus gambelii
LC02,ALYSIM,Alyssum simplex
LC02,ALLCER,Allium cernuum
LC02,OPUPOL,Opuntia polyacantha
LC02,SCUBRI,Scutellaria brittonii
LC02,UNK13,
LC02,TRAOCC,Tradescantia occidentalis
LC02,CERMON,Cercocarpus montanus
LC02,CAREX SP.,Carex sp.
LC02,COLLIN,Collomia linearis
LC02,HETVIL,Heterotheca villosa
LC02,HESCOM,Hesperostipa comata
LC02,MAHREP,Mahonia repens
LC02,DRYFIS,Drymocallis fissa
LC02,TAROFF,Taraxacum officinale
LC02,LATLAN,Lathyrus lanszwertii
LC02,ELYSMI,Elymus smithii
LC02,GALAPA,Galium aparine
LC02,BROTEC,Bromus tectorum
LC02,ARTFRI,Artemesia frigida
LC02,CAMMIC,Camelina microcarpa
LC02,HARTRA,Harbouria trachypleura
LC02,CERARV,Cerastium arvense strictum
LC02,VERTHA,Verbascum thapsus
LC02,BOESTR,Boechera stricta
LC02,SYMALB,Symphoricarpos albus
LC02,LACSER,Lactuca serriola
LC02,TRADUB,Tragopogon dubius
LC02,POAALP,Poa alpina
LC03,MAHREP,Mahonia repens
LC03,OSMDEP,Osmorhiza depauperata
LC03,MAISTE,Maianthemum stellatum
LC03,LIGPOR,Ligusticum porteri
LC03,ACEGLA,Acer glabrum
LC03,SENINT,Senecio integerrimus
LC03,QUEGAM,Quercus gambelii
LC03,CAREX SP.,Carex sp.
LC03,GALBOR,Galium boreale
LC03,ANTPAR,Antennaria parvifolia
LC03,THAFEN,Thalictrum fendleri
LC03,VIONUT,Viola nuttallii
LC03,CLAPER,Claytonia perfoliata
LC03,LACSER,Lactuca serriola
LC03,GALTRI,Galium trilobata
LC03,DRAPAR,Dracocephalum parviflorum
LC03,CHAANG,Chamerion angustifolium
LC03,PSEMEN,Pseudotsuga menziesii
LC03,RUMCRI,Rumex crispus
LC03,CAMPET,Camelina petiolata
LC03,TAROFF,Taraxacum officinale
LC03,GALAPA,Galium aparine
LC03,BOESTR,Boechera stricta
LC04,QUEGAM,Quercus gambelii
LC04,LINDAL,Linaria dalmatica
LC04,ALYSIM,Alyssum simplex
LC04,BROTEC,Bromus tectorum
LC04,CAMMIC,Camelina microcarpa
LC04,CAREX SP.,Carex sp.
LC04,ARTLUD,Artemisia ludoviciana
LC04,CERMON,Cercocarpus montanus
LC04,VERTHA,Verbascum thapsus
LC04,CARNUT,Carduus nutans
LC04,LEPPER,Lepidium perfoliatum
LC04,CLARUB,Claytonia rubra
LC04,CLAPER,Claytonia perfoliata
LC04,ANDGER,Andropogon gerardii
LC04,ALLCER,Allium cernuum
LC04,GALAPA,Galium aparine
LC04,TRADUB,Tragopogon dubius
LC04,PENVIR,Penstemon virens
LC04,ELYSMI,Elymus smithii
LC04,OPUPOL,Opuntia polyacantha
LC04,CERARV,Cerastium arvense strictum
LC04,HETVIL,Heterotheca villosa
LC04,ERYCAP,Erysimum capitatum
LC04,ERIFLA,Erigeron flagellaris
LC04,HESCOM,Hesperostipa comata
LC04,YUCGLA,Yucca glauca
LC04,TRAOCC,Tradescantia occidentalis
LC04,DRYFIS,Drymocallis fissa
LC04,SCUBRI,Scutellaria brittonii
LC04,SILANT,Silene antirrhina
LC04,COLPAR,Collinsia parviflora 
LC05,DESPIN,Descurainia pinnata
LC05,CHEHYB,Chenopodiastrum hybridium
LC05,GALAPA,Galium aparine
LC05,CLAPER,Claytonia perfoliata
LC05,COLPAR,Collinsia parviflora 
LC05,BROINE,Bromus inermis
LC05,QUEGAM,Quercus gambelii
LC05,MAHREP,Mahonia repens
LC05,ELLNYC,Ellisia nyctelea
LC05,PRUVIR,Prunus virginiana
LC05,TAROFF,Taraxacum officinale
LC05,RUMCRI,Rumex crispus
LC05,COLLIN,Collomia linearis
LC06,ACEGLA,Acer glabrum
LC06,HYDFEN,Hydrophyllum fendleri
LC06,CLAPER,Claytonia perfoliata
LC06,MAHREP,Mahonia repens
LC06,GALAPA,Galium aparine
LC06,LACSER,Lactuca serriola
LC06,CAREX SP.,Carex sp.
LC06,TAROFF,Taraxacum officinale
LC06,GERBIC,Geranium bicknellii
LC06,CORAUR,Corydalis aurea
LC06,SCUBRI,Scutellaria brittonii
LC06,BROINE,Bromus inermis
LC06,OSMDEP,Osmorhiza depauperata
LC06,MAISTE,Maianthemum stellatum
LC06,DRAPAR,Dracocephalum parviflorum
LC06,DELNUT,Delphinium nuttallianum
LC06,MERLAN,Mertensia lanceolata
LC06,RUMCRI,Rumex crispus
LC06,QUEGAM,Quercus gambelii
LC06,CAMPET,Campanula petiolata
LC07,CARNUT,Carduus nutans
LC07,MAHREP,Mahonia repens
LC07,ACHMIL,Achillea millefolium
LC07,CLAPER,Claytonia perfoliata
LC07,QUEGAM,Quercus gambelii
LC07,COLLIN,Collomia linearis
LC07,CAMMIC,Camelina microcarpa
LC07,TRAOCC,Tradescantia occidentalis
LC07,CHEALB,Chenopodium album
LC07,BROTEC,Bromus tectorum
LC07,ALYSIM,Alyssum simplex
LC07,ERIFLA,Erigeron flagellaris
LC07,ARTLUD,Artemesia ludoviciana
LC07,ELYSMI,Elymus smithii
LC07,SENINT,Senecio integerrimus 
LC07,HETVIL,Heterotheca villosa
LC07,OENSUF,Oenothera suffrutescens
LC07,CERARV,Cerastium arvense strictum
LC07,LATLAN,Lathyrus lanszwertii
LC07,PHAHAS,Phacelia hastata
LC07,GALAPA,Galium aparine
LC07,LACSER,Lactuca serriola
LC07,ASTPAR,Astragalus parryi
LC07,HELPUM,Helianthus pumilus
LC07,BOUSTR,Boechera stricta
LC07,TRIPAR,Trifolium parryi
LC07,BROJAP,Bromus japonicus
LC07,SILANT,Silene antirrhina
LC07,CEAFEN,Ceanothus fendleri
LC07,TRADUB,Tragopogon dubius
LC07,ARTFRI,Artemesia frigida
LC07,SCUBRI,Scutellaria brittonii
LC07,CERMON,Cercocarpus montanus
LFR01,PSEMEN,Pseudotsuga menziesii
LFR01,MERLAN,Mertensia lanceolata
LFR01,LACSER,Lactuca serriola
LFR01,CAREX SP.,Carex sp.
LFR01,COLPAR,Collinsia parviflora 
LFR01,ARNCOR,Arnica cordifolia
LFR01,QUEGAM,Quercus gambelii
LFR01,POLDOU,Polygonum douglasii 
LFR01,CAMPET,Campanula petiolata
LFR01,GALAPA,Galium aparine
LFR01,KOEMAC,Koeleria macrantha
LFR01,CHEHYB,Chenopodiastrum hybridium
LFR01,HUEPAR,Heuchera parvifolia
LFR01,DRAPAR,Dracocephalum parviflorum
LFR01,RIBAUR,Ribes aureum
LFR01,MAHREP,Mahonia repens
LFR02,ALYSIM,Alyssum simplex
LFR02,ARTLUD,Artemesia ludoviciana
LFR02,OPUPOL,Opuntia polyacantha
LFR02,BROTEC,Bromus tectorum
LFR02,COLLIN,Collomia linearis
LFR02,QUEGAM,Quercus gambelii
LFR02,CERMON,Cercocarpus montanus
LFR02,LINDAL,Linaria dalmatica
LFR02,TRAOCC,Tradescantia occidentalis
LFR02,LACSER,Lactuca serriola
LFR02,MAHREP,Mahonia repens
LFR02,SCUBRI,Scutellaria brittonii
LFR02,CAREX SP.,Carex sp.
LFR02,ARTFRI,Artemesia frigida
LFR02,CORAUR,Corydalis aurea
LFR02,PENVIR,Penstemon virens
LFR02,GALAPA,Galium aparine
LFR02,CAMPET,Campanula petiolata
LFR02,HESCOM,Hesperostipa comata
LFR02,CERARV,Cerastium arvense strictum
LFR02,CLARUB,Claytonia rubra
LFR03,DRAPAR,Dracocephalum parviflorum
LFR03,LACSER,Lactuca serriola
LFR03,GERBIC,Geranium bicknellii
LFR03,ACEGLA,Acer glabrum
LFR03,PSEMEN,Pseudotsuga menziesii
LFR03,CAREX SP.,Carex sp.
LFR03,BROINE,Bromus inermis
LFR03,RUMCRI,Rumex crispus
LFR03,CORAUR,Corydalis aurea
LFR03,CLAPER,Claytonia perfoliata
LFR04,BROTEC,Bromus tectorum
LFR04,QUEGAM,Quercus gambelii
LFR04,ALYSIM,Alyssum simplex
LFR04,CERMON,Cercocarpus montanus
LFR04,CAMMIC,Camelina microcarpa
LFR04,HETVIL,Heterotheca villosa
LFR04,OPUPOL,Opuntia polyacantha
LFR04,TRAOCC,Tradescantia occidentalis
LFR04,CAREX SP.,Carex sp.
LFR04,GALAPA,Galium aparine
LFR04,LINDAL,Linaria dalmatica
LFR04,HESCOM,Hesperostipa comata
LFR04,SCUBRI,Scutellaria brittonii
LFR04,CONARV,Convolvulus arvensis
LFR04,CARNUT,Carduus nutans
LFR04,VERTHA,Verbascum thapsus
LFR04,VIONUT,Viola nuttallii
LFR04,ELYSMI,Elymus smithii
LFR04,MAHREP,Mahonia repens
LFR04,FALCON,Fallopia convolvulus
LFR04,BROINE,Bromus inermis
LFR04,PENVIR,Penstemon virens
LFR04,ARTLUD,Artemesia ludoviciana
LFR04,LACSER,Lactuca serriola
LFR04,TRADUB,Tragopogon dubius
LFR05,PENVIR,Penstemon virens
LFR05,SENINT,Senecio integerrimus 
LFR05,CLAPER,Claytonia perfoliata
LFR05,CLARUB,Claytonia rubra
LFR05,CAREX SP.,Carex sp.
LFR05,LACSER,Lactuca serriola
LFR05,COLLIN,Collomia linearis
LFR05,ACOCOL,Aconitum columbianum
LFR05,APOAND,Apocynum androsaemifolium
LFR05,DELNUT,Delphinium nuttallianum
LFR05,DRYFIS,Drymocallis fissa
LFR05,QUEGAM,Quercus gambelii
LFR05,GAYDIF,Gayophytum diffusum
LFR05,ACHMIL,Achillea millefolium
LFR05,GENAMA,Gentianella amarella
LFR05,COLPAR,Collinsia parviflora 
LFR05,SCUBRI,Scutellaria brittonii
LFR05,CERARV,Cerastium arvense strictum
LFR05,BROTEC,Bromus tectorum
LFR05,HESCOM,Hesperostipa comata
LFR05,PSEMEN,Pseudotsuga menziesii
LFR05,CORAUR,Corydalis aurea
LFR05,CHAANG,Chamerion angustifolium
LFR05,GALAPA,Galium aparine
LFR06,BROTEC,Bromus tectorum
LFR06,CLARUB,Claytonia rubra
LFR06,CLAPER,Claytonia perfoliata
LFR06,QUEGAM,Quercus gambelii
LFR06,SENINT,Senecio integerrimus 
LFR06,LACSER,Lactuca serriola
LFR06,COLPAR,Collinsia parviflora 
LFR06,CAREX SP.,Carex sp.
LFR06,TRIPAR,Trifolium parryi
LFR06,ELYSMI,Elymus smithii
LFR06,PENVIR,Penstemon virens
LFR06,ACOCOL,Aconitum columbianum
LFR06,RIBCER,Ribes cereum
LFR06,ARTLUD,Artemesia ludoviciana
LFR06,CERMON,Cercocarpus montanus
LFR06,HARTRA,Harbouria trachypleura
LFR06,GAYDIF,Gayophytum diffusum
LFR06,YUCGLA,Yucca glauca
LFR06,GALAPA,Galium aparine
LFR06,UNK10,
LFR06,PINPON,Pinus ponderosa
LFR07,ERIUMB,Eriogonum umbellatum
LFR07,SEDLAN,Sedum lanceolatum
LFR07,HETVIL,Heterotheca villosa
LFR07,QUEGAM,Quercus gambelii
LFR07,PINPON,Pinus ponderosa
LFR07,PSEMEN,Pseudotsuga menziesii
LFR07,PENVIR,Penstemon virens
LFR07,DRYFIS,Drymocallis fissa
LFR07,HARTRA,Harbouria trachypleura
LFR07,UNK A,Unknown graminoid
LFR07,ACHMIL,Achillea millefolium
LFR07,ELYSMI,Elymus smithii
LFR07,FALCON,Fallopia convolvulus
LFR07,ANTPAR,Antennaria parvifolia
LFR07,COLPAR,Collinsia parviflora 
LFR07,HEMMIN,Hemizonella minima
LFR07,DELNUT,Delphinium nuttallianum
LFR07,PHAHET,Phacelia heterophylla
LFR07,ALLCER,Allium cernuum
LFR07,CERARV,Cerastium arvense strictum
LFR07,SENARO,Senecio aronicoides
LFR07,LOMORI,Lomatium orientale
LFR07,JUNSCO,Juniperus scopulorum
LFR07,PRUVIR,Prunus virginiana
MC01,CHEALB,Chenopodium album
MC01,LACSER,Lactuca serriola
MC01,ALYSIM,Alyssum simplex
MC01,BROTEC,Bromus tectorum
MC01,QUEGAM,Quercus gambelii
MC01,SILANT,Silene antirrhina
MC01,TRAOCC,Tradescantia occidentalis
MC01,CERMON,Cercocarpus montanus
MC01,MERLAN,Mertensia lanceolata
MC01,HYPPER,Hypericum perforatum
MC01,OPUPOL,Opuntia polyacantha
MC01,CARNUT,Carduus nutans
MC01,CAMPET,Campanula petiolata
MC01,LINDAL,Linaria dalmatica
MC01,GALAPA,Galium aparine
MC02,CHAANG,Chamerion angustifolium
MC02,MERLAN,Mertensia lanceolata
MC02,RIBINE,Ribes inermi
MC02,ACHMIL,Achillea millefolium
MC02,LACSER,Lactuca serriola
MC02,GAYDIF,Gayophytum diffusum
MC02,CAREX SP.,Carex sp.
MC02,ARNCOR,Arnica cordifolia
MC02,MAHREP,Mahonia repens
MC02,SENINT,Senecio integerrimus
MC02,CORAUR,Corydalis aurea
MC02,VERTHA,Verbascum thapsus
MC02,MIRLIN,Mirabilis linearis
MC02,HARTRA,Harbouria trachypleura
MC02,COLPAR,Collinsia parviflora 
MC03,MERLAN,Mertensia lanceolata
MC03,GALAPA,Galium aparine
MC03,DRAPAR,Dracocephalum parviflorum
MC03,SYMALB,Symphoricarpos albus
MC03,MAHREP,Mahonia repens
MC03,PRUVIR,Prunus virginiana
MC03,ROSARK,Rosa arkansana
MC03,QUEGAM,Quercus gambelii
MC03,GERRIC,Geranium richardsonii
MC03,CLAPER,Claytonia perfoliata
MC03,COLPAR,Collinsia parviflora 
MC03,LIGPOR,Ligusticum porteri
MC03,CHEHYB,Chenopodiastrum hybridium
MC03,BROINE,Bromus inermis
MC03,TAROFF,Taraxacum officinale
MC03,LACSER,Lactuca serriola
MC04,QUEGAM,Quercus gambelii
MC04,LACSER,Lactuca serriola
MC04,CHAANG,Chamerion angustifolium
MC04,APOAND,Apocynum androsaemifolium
MC04,TAROFF,Taraxacum officinale
MC04,MERLAN,Mertensia lanceolata
MC04,CAMPET,Camelina petiolata
MC04,CHEINC,Chenopodium incana
MC04,LATLAN,Lathyrus lanzwetrii
MC04,VERTHA,Verbascum thapsus
MC04,CLAPER,Claytonia perfoliata
MC04,PHAHET,Phacelia heterophylla
MC04,COLLIN,Collomia linearis
MC04,CARNUT,Carduus nutans
MC04,BROINE,Bromus inermis
MC04,CAREX SP.,Carex sp.
MC04,ACHMIL,Achillea millefolium
MC04,PENVIR,Penstemon virens
MC04,ARTLUD,Artemisia ludoviciana
MC04,BROTEC,Bromus tectorum
MC04,DRAPAR,Dracocephalum parviflorum
MC04,POLAVI,Polygonum aViculare
MC05,QUEGAM,Quercus gambelii
MC05,LINDAL,Linaria dalmatica
MC05,DRYFIS,Drymocallis fissa
MC05,ALYSIM,Alyssum simplex
MC05,CARNUT,Carduus nutans
MC05,BOUSTR,Boechera stricta
MC05,HARTRA,Harbouria trachypleura
MC05,HETVIL,Heterotheca villosa
MC05,BROTEC,Bromus tectorum
MC05,CAREX SP.,Carex sp.
MC05,CAMMIC,Camelina microcarpa
MC05,COLLIN,Collomia linearis
MC05,POLDOU,Polygonum douglasii 
MC05,SENINT,Senecio integerrimus 
MC05,COLPAR,Collinsia parviflora 
MC05,CLAPER,Claytonia perfoliata
MC05,CLARUB,Claytonia rubra
MC05,LACSER,Lactuca serriola
MC05,OPUPOL ,Opuntia polyacantha
MC05,TAROFF,Taraxacum officinale
MC05,LAPOCC,Lappula occidentalis
MC05,GALAPA,Galium aparine
MC05,VIONUT,Viola nuttallii
MC05,HESCOM,Hesperostipa comata
MC05,BROTEC,Bromus tectorum
MC05,NOTCUS,Nothocalais cuspidata
MC05,CERMON,Cercocarpus montanus
MC05,ASTFLE,Astragalus flexuosus
MC05,ARTLUD,Artemisia ludoviciana
MC05,YUCGLA,Yucca glauca
MC05,ERYCAP,Erysimum capitatum
MC05,SEDLAN,Sedum lanceolatum
MC05,TRAOCC,Tradescantia occidentalis
MC05,TRADUB,Tragopogon dubius
MC05,ERIUMB,Eriogonum umbellatum
MC05,BROJAP,Bromus japonicus
MC06,GAYDIF,Gayophytum diffusum
MC06,LACSER,Lactuca serriola
MC06,VERTHA,Verbascum thapsus
MC06,SENINT,Senecio integerrimus 
MC06,POLDOU,Polygonum douglasii 
MC06,QUEGAM,Quercus gambelii
MC06,CAREX SP.,Carex sp.
MC06,ACHMIL,Achillea millefolium
MC06,COLPAR,Collinsia parviflora 
MC06,CHEALB,Chenopodium album
MC06,COLLIN,Collomia linearis
MC06,DRAPAR,Dracocephalum parviflorum
MC06,MERLAN,Mertensia lanceolata
MC06,BROTEC,Bromus tectorum
MC06,HETVIL,Heterotheca villosa
MC06,CHAANG,Chamerion angustifolium
MC07,CHAANG,Chamerion angustifolium
MC07,MERLAN,Mertensia lanceolata
MC07,RIBCER,Ribes cereum
MC07,ACHMIL,Achillea millefolium
MC07,LACSER,Lactuca serriola
MC07,GAYDIF,Gayophytum diffusum
MC07,CAREX SP.,Carex sp.
MC07,ARNCOR,Arnica cordifolia
MC07,MAHREP,Mahonia repens
MC07,SENINT,Senecio integerrimus 
MC07,CORAUR,Corydalis aurea
MC07,VERTHA,Verbascum thapsus
MC07,MIRLIN,Mirabilis linearis
MC07,HARTRA,Harbouria trachypleura
MC07,COLPAR,Collinsia parviflora 
MC07,PENVIR,Penstemon virens
MC07,ALLCER,Allium cernuum
MC07,COLPAR,Collinsia parviflora 
MC07,TRIPER,Triodanis perfoliata
MC07,GALAPA,Galium aparine
MC07,QUEGAM,Quercus gambelii
MC07,LATLAN,Lathyrus lanszwertii
MC07,KOEMAC,Koeleria macrantha
MC07,CAMPET,Campanula petiolata
MC07,ACHMIL,Achillea millefolium
MC07,BROJAP,Bromus japonicus
MC07,CAREX SP.,Carex sp.
MC07,APOAND,Apocynum androsaemifolium
MC07,CHEALB,Chenopodium album
MC07,MAHREP,Mahonia repens
MC07,CEAFEN,Ceanothus fendleri
MC07,CERARV,Cerastium arvense strictum
MC07,LINLEW,Linum lewisii
MC07,ERIUMB,Eriogonum umbellatum
MC07,SENINT,Senecio integerrimus 
MC07,PACFEN,Packera fendleri
MC07,LUPARG,Lupinus argenteus
MC07,LACSER,Lactuca serriola
MC07,ARTFRI,Artemesia frigida
MC07,CAMMIC,Camelina microcarpa
MC07,ARTLUD,Artemesia ludoviciana
MC07,COLLIN,Collomia linearis
MC07,TRADUB,Tragopogon dubius
MC07,ELYSMI,Elymus smithii
MC07,PSEJAM,Pseudostellaria jamesiana
MC07,CLARUB,Claytonia rubra
MC07,GAYDIF,Gayophytum diffusum
MFR01,GALAPA,Galium aparine
MFR01,GALBOR,Galium boreale
MFR01,QUEGAM,Quercus gambelii
MFR01,SYMALB,Symphoricarpos albus
MFR01,LACSER,Lactuca serriola
MFR01,CARNUT,Carduus nutans
MFR01,BROTEC,Bromus tectorum
MFR01,CHEHYB,Chenopodiastrum hybridium
MFR01,COLLIN,Collomia linearis
MFR01,TAROFF,Taraxacum officinale
MFR01,VERTHA,Verbascum thapsus
MFR01,SCUBRI,Scutellaria brittonii
MFR01,FALCON,Fallopia convolvulus
MFR01,SILANT,Silene antirrhina
MFR01,CLAPER,Claytonia perfoliata
MFR01,ELLNYC,Ellisia nyctelea
MFR01,LATLAN,Lathyrus lanszwertii
MFR01,CAREX SP.,Carex sp.
MFR01,COLPAR,Collinsia parviflora 
MFR01,SENINT,Senecio integerrimus 
MFR01,HELANN,Helianthus annuus
MFR01,ACHMIL,Achillea millefolium
MFR01,PARPEN,Parietaria pensylvanica
MFR01,MAHREP,Mahonia repens
MFR01,MEDLUP,Medicago lupulina
MFR02,COLPAR,Collinsia parviflora 
MFR02,CAREX SP.,Carex sp.
MFR02,CLAPER,Claytonia perfoliata
MFR02,CLARUB,Claytonia rubra
MFR02,SILANT,Silene antirrhina
MFR02,COLLIN,Collomia linearis
MFR02,CAMPET,Campanula petiolata
MFR02,SENINT,Senecio integerrimus 
MFR02,QUEGAM,Quercus gambelii
MFR02,LACSER,Lactuca serriola
MFR02,POLDOU,Polygonum douglasii 
MFR02,MERLAN,Mertensia lanceolata
MFR02,KOEMAC,Koeleria macrantha
MFR02,CERMON,Cercocarpus montanus
MFR02,PENVIR,Penstemon virens
MFR02,TRIAES,Triticum aestivum
MFR02,ACHMIL,Achillea millefolium
MFR02,ALLCER,Allium cernuum
MFR02,VERTHA,Verbascum thapsus
MFR02,PHAHAS,Phacelia hastata
MFR02,BROTEC,Bromus tectorum
MFR02,TRAOCC,Tradescantia occidentalis
MFR02,GAYDIF,Gayophytum diffusum
MFR02,ARTLUD,Artemesia ludoviciana
MFR02,ALYSIM,Alyssum simplex
MFR02,GALAPA,Galium aparine
MFR02,ASTFLE,Astragalus flexuosus
MFR02,SCUBRI,Scutellaria brittonii
MFR02,PACFEN,Packera fendleri
MFR03,GALAPA,Galium aparine
MFR03,GERBIC,Geranium bicknellii
MFR03,PRUVIR,Prunus virginiana
MFR03,QUEGAM,Quercus gambelii
MFR03,LACSER,Lactuca serriola
MFR03,MAISTE,Maianthemum stellatum
MFR03,ELLNYC,Ellisia nyctelea
MFR03,ROSWOO,Rosa woodsii
MFR03,CHEHYB,Chenopodiastrum hybridium
MFR03,LATLAN,Lathyrus lanszwertii
MFR03,MAHREP,Mahonia repens
MFR03,COLLIN,Collomia linearis
MFR03,MALNEG,Malva neglecta
MFR03,LIGPOR,Ligusticum porteri
MFR03,DRAPAR,Dracocephalum parviflorum
MFR03,BROINE,Bromus inermis
MFR03,SYMALB,Symphoricarpos albus
MFR03,CLAPER,Claytonia perfoliata
MFR03,COLPAR,Collinsia parviflora 
MFR03,CARNUT,Carduus nutans
MFR03,TAROFF,Taraxacum officinale
MFR04,QUEGAM,Quercus gambelii
MFR04,CEAFEN,Ceanothus fendleri
MFR04,CHEHYB,Chenopodiastrum hybridium
MFR04,LATLAN,Lathyrus lanszwertii
MFR04,CAMPET,Campanula petiolata
MFR04,PSEJAM,Pseudostellaria jamesiana
MFR04,TAROFF,Taraxacum officinale
MFR04,DRYFIS,Drymocallis fissa
MFR04,GALAPA,Galium aparine
MFR04,CAREX SP.,Carex sp.
MFR04,CHEALB,Chenopodium album
MFR04,BROINE,Bromus inermis
MFR04,CORAUR,Corydalis aurea
MFR04,ELYSMI,Elymus smithii
MFR04,HUEPAR,Heuchera parvifolia
MFR04,ALLCER,Allium cernuum
MFR04,VERTHA,Verbascum thapsus
MFR04,PRUVIR,Prunus virginiana
MFR04,COLPAR,Collinsia parviflora 
MFR04,PENVIR,Penstemon virens
MFR04,HARTRA,Harbouria trachypleura
MFR06,LINDAL,Linaria dalmatica
MFR06,ALYSIM,Alyssum simplex
MFR06,CAREX SP.,Carex sp.
MFR06,PHAHET,Phacelia heterophylla
MFR06,SILANT,Silene antirrhina
MFR06,BROTEC,Bromus tectorum
MFR06,ARTLUD,Artemisia ludoviciana
MFR06,TAROFF,Taraxacum officinale
MFR06,ERIFLA,Erigeron flagellaris
MFR06,CLARUB,Claytonia rubra
MFR06,ELYTRA,Elymus trachycaulus
MFR06,ALLCER,Allium cernuum
MFR06,ASTPAR,Astragalus parryi
MFR06,VERTHA,Verbascum thapsus
MFR06,CERARV,Cerastium arvense strictum
MFR06,TRIAES,Triticum aestivum
MFR06,LACSER,Lactuca serriola
MFR06,SCUBRI,Scutellaria brittonii
MFR06,LINLEW,Linum lewisii
MFR06,TRAOCC,Tradescantia occidentalis
MFR06,CERMON,Cercocarpus montanus
MFR06,CARNUT,Carduus nutans
MFR06,MAHREP,Mahonia repens
MFR06,ELYELY,Elymus elymoides
MFR07,HETHIR,Heterotheca hirsutissima
MFR07,ALYSIM,Alyssum simplex
MFR07,LINDAL,Linaria dalmatica
MFR07,ARTLUD,Artemesia ludoviciana
MFR07,TRAOCC,Tradescantia occidentalis
MFR07,OPUPOL,Opuntia polyacantha
MFR07,SCUBRI,Scutellaria brittonii
MFR07,ALLCER,Allium cernuum
MFR07,QUEGAM,Quercus gambelii
MFR07,LACSER,Lactuca serriola
MFR07,CERMON,Cercocarpus montanus
MFR07,CERARV,Cerastium arvense strictum
MFR07,TRADUB,Tragopogon dubius
MFR07,BROTEC,Bromus tectorum
MFR07,SILANT,Silene antirrhina
MFR07,CAREX SP.,Carex sp.
MFR07,BROJAP,Bromus japonicus
MFR07,GILCLO,Gilia clokeyi
MFR07,PHAHET,Phacelia heterophylla
MFR07,ASTPAR,Astragalus parryi
MFR07,CAMMIC,Camelina microcarpa
MFR07,ELYTRA,Elymus trachycaulus
MFR07,VERTHA,Verbascum thapsus
SC_BURN_01,CERMON,Cercocarpus montanus
SC_BURN_01,CHEALB,Chenopodium album
SC_BURN_01,EROCIC,Erodium cicutarium
SC_BURN_01,HESCOM,Hesperostipa comata
SC_BURN_01,TRAOCC,Tradescantia occidentalis
SC_BURN_01,TRARAM,Tragia ramosa
SC_BURN_01,SPHCOC,Sphaeralcea coccinea
SC_BURN_01,HELPUM,Helianthus pumilus
SC_BURN_01,ARIPUR,Aristida purpurea
SC_BURN_01,CORAUR,Corydalis aurea
SC_BURN_01,ANDGER,Andropogon gerardii
SC_BURN_01,EUPESU,Euphorbia esula
SC_BURN_01,POMVER,Pombalia verticillata
SC_BURN_01,VIONUT,Viola nuttallii
SC_BURN_01,NOTCUS,Nothocalais cuspidata
SC_BURN_01,OPUPOL,Opuntia polyacantha
SC_BURN_01,OPUMAC,Opuntia macrorhiza
SC_BURN_01,LAPOCC,Lappula occidentalis
SC_BURN_01,MIRLIN,Mirabilis linearis
SC_BURN_01,BOUGRA,Bouteloua gracilis
SC_BURN_01,YUCGLA,Yucca glauca
SC_BURN_01,ARTLUD,Artemisia ludoviciana
SC_BURN_01,NUTTEX,Nuttallanthus texanus
SC_BURN_01,UNK 02,
SC_BURN_01,ELYELY,Elymus elymoides
SC_BURN_01,MERLAN,Mertensia lanceolata
SC_BURN_01,ERIFLA,Erigeron flagellaris
SC_BURN_01,CELRET,Celtis reticulata
SC_BURN_01,ALLTEX,Allium textile
SC_BURN_01,ARTFRI,Artemisia frigida
SC_BURN_02,CHEALB,Chenopodium album
SC_BURN_02,CERMON,Cercocarpus montanus
SC_BURN_02,HESCOM,Hesperostipa comata
SC_BURN_02,ELYSMI,Elymus smithii
SC_BURN_02,TRAOCC,Tradescantia occidentalis
SC_BURN_02,TRARAM,Tragia ramosa
SC_BURN_02,CALGUN,Calochortus gunnisonii
SC_BURN_02,VIONUT,Viola nuttallii
SC_BURN_02,HELANN,Helianthus annuus
SC_BURN_02,LINDAL,Linaria dalmatica
SC_BURN_02,BROTEC,Bromus tectorum
SC_BURN_02,NOTCUS,Nothocalais cuspidata
SC_BURN_02,BOUGRA,Bouteloua gracilis
SC_BURN_02,POMVER,Pombalia verticillata
SC_BURN_02,EVONUT,Evolvulus nuttallianus
SC_BURN_02,EROCIC,Erodium cicutarium
SC_BURN_02,LIAPUN,Liatris punctata
SC_BURN_02,ASCVIR,Asclepias viridiflora
SC_BURN_02,QUILOB,Quincula lobata
SC_BURN_02,ARTLUD,Artemesia ludoviciana
SC_BURN_02,EUPESU,Euphorbia esula
SC_BURN_02,RHUTRI,Rhus trilobata
SC_BURN_02,ANDGER,Andropogon gerardii
SC_BURN_02,OPUPOL,Opuntia polyacantha
SC_BURN_02,TRADUB,Tragopogon dubius
SC_BURN_02,OPUMAC,Opuntia macrorhiza
SC_BURN_02,CORAUR,Corydalis aurea
SC_BURN_02,ALLTEX,Allium textile
SC_BURN_02,YUCGLA,Yucca glauca
SC_BURN_02,CIRUND,Cirsium undulatum
SC_BURN_02,TAROFF,Taraxacum officinale
SC_BURN_02,DRYFIS,Drymocallis fissa
SC_BURN_02,MERLAN,Mertensia lanceolata
SC_BURN_03,ANDGER,Andropogon gerardii
SC_BURN_03,CORAUR,Corydalis aurea
SC_BURN_03,CHEALB,Chenopodium album
SC_BURN_03,PEDTEN,Pediomelum tenuiflorum
SC_BURN_03,LINDAL,Linaria dalmatica
SC_BURN_03,TRARAM,Tragia ramosa
SC_BURN_03,EUPESU,Euphorbia esula
SC_BURN_03,ARTLUD,Artemesia ludoviciana
SC_BURN_03,ASTSHO,Astragalus shortianus
SC_BURN_03,VIONUT,Viola nuttallii
SC_BURN_03,OXYSER,Oxytropis sericea sericea
SC_BURN_03,MIRLIN,Mirabilis linearis
SC_BURN_03,EROCIC,Erodium cicutarium
SC_BURN_03,OENSUF,Oenothera suffrutescens
SC_BURN_03,LIAPUN,Liatris punctata
SC_BURN_03,CIRUND,Cirsium undulatum
SC_BURN_03,HELPUM,Helianthus pumilus
SC_BURN_03,LAPOCC,Lapula occidentalis
SC_BURN_03,CERMON,Cercocarpus montanus
SC_BURN_03,THEMEG,Thelesperma megapotamicum
SC_BURN_03,ARIPUR,Aristida purpurea
SC_BURN_03,OPUMAC,Opuntia macrorhiza
SC_BURN_03,QUILOB,Quincula lobata
SC_BURN_03,PHYHED,Physalis hederifolia
SC_BURN_03,CAREX SP.,Carex sp.
SC_BURN_03,EVONUT,Evolvulus nuttallianus
SC_BURN_03,POMVER,Pombalia verticillata
SC_BURN_03,HELANN,Helianthus annuus
SC_BURN_03,DESPIN,Descurainia pinnata
SC_BURN_04,QUILOB,Quincula lobata
SC_BURN_04,CHEALB,Chenopodium album
SC_BURN_04,HESCOM,Hesperostipa comata
SC_BURN_04,ARGPOL,Argemone polyanthemos
SC_BURN_04,TRADUB,Tragopogon dubius
SC_BURN_04,ARTLUD,Artemesia ludoviciana
SC_BURN_04,SPHCOC,Sphaeralcea coccinea
SC_BURN_04,TRARAM,Tragia ramosa
SC_BURN_04,AMBPSI,Ambrosia psilostachya
SC_BURN_04,OPUMAC,Opuntia macrorhiza
SC_BURN_04,EVONUT,Evolvulus nuttallianus
SC_BURN_04,BROTEC,Bromus tectorum
SC_BURN_04,ANDGER,Andropogon gerardii
SC_BURN_04,MIRLIN,Mirabilis linearis
SC_BURN_04,EUPESU,Euphorbia esula
SC_BURN_04,CIRUND,Cirsium undulatum
SC_BURN_04,POMVER,Pombalia verticillata
SC_BURN_04,YUCGLA,Yucca glauca
SC_BURN_04,OENSUF,Oenothera suffrutescens
SC_BURN_04,TRAOCC,Tradescantia occidentalis
SC_BURN_04,ARIPUR,Aristida purpurea
SC_BURN_04,LINDAL,Linaria dalmatica
SC_BURN_04,HELANN,Helianthus annuus
SC_BURN_04,ERIEFF,Eriogonum effusum
SC_BURN_04,VIONUT,Viola nuttallii
SC_BURN_04,BOUGRA,Boutelou gracilis
SC_BURN_04,ASTFLE,Astragalus flexuosus
SC_BURN_05,ARTLUD,Artemesia ludoviciana
SC_BURN_05,ANDGER,Andropogon gerardii
SC_BURN_05,LINDAL,Linaria dalmatica
SC_BURN_05,CHEALB,Chenopodium album
SC_BURN_05,OENSUF,Oenothera suffrutescens
SC_BURN_05,TRAOCC,Tradescantia occidentalis
SC_BURN_05,EROCAE,Erodium caespitosum
SC_BURN_05,TRARAM,Tragia ramosa
SC_BURN_05,EROCIC,Erodium cicutarium
SC_BURN_05,OPUMAC,Opuntia macrorhiza
SC_BURN_05,ARGPOL,Argemone polyanthemos
SC_BURN_05,YUCGLA,Yucca glauca
SC_BURN_05,AMBPSI,Ambrosia psilostachya
SC_BURN_05,HETVIL,Heterotheca villosa
SC_BURN_05,BROTEC,Bromus tectorum
SC_BURN_05,ROSARK,Rosa arkansana
SC_BURN_05,HELANN,Helianthus annuus
SC_BURN_05,VIONUT,Viola nuttallii
SC_BURN_05,ELLNYC,Ellisia nyctelea
SC_BURN_05,HESCOM,Hesperostipa comata
SC_BURN_05,ERIFLA,Erigeron flagellaris
SC_BURN_05,TRADUB,Tragopogon dubius
SC_BURN_05,LIAPUN,Liatris punctata
SC_BURN_05,ALYSIM,Alyssum simplex
SC_BURN_05,ELYSMI,Elymus smithii
SC_BURN_05,ASCVIR,Asclepias viridiflora
SC_BURN_05,LAPOCC,Lappula occidentalis
SC_BURN_05,CERARV,Cerastium arvense strictum
SC_BURN_05,ESCVIR,Escobaria viridifloris
SC_BURN_05,OPUPOL,Opuntia polyacantha
SC_BURN_06,ALYSIM,Alyssum simplex
SC_BURN_06,HETVIL,Heterotheca villosa
SC_BURN_06,ELYSMI,Elymus smithii
SC_BURN_06,OENSUF,Oenothera suffrutescens
SC_BURN_06,CERARV,Cerastium arvense
SC_BURN_06,ANDGER,Andropogon gerardii
SC_BURN_06,BROTEC,Bromus tectorum
SC_BURN_06,VIONUT,Viola nuttallii
SC_BURN_06,LINLEW,Linum lewisii
SC_BURN_06,LAPOCC,Lappula occidentalis
SC_BURN_06,TRARAM,Tragia ramosa
SC_BURN_06,YUCGLA,Yucca glauca
SC_BURN_06,AMBPSI,Ambrosia psilostachya
SC_BURN_06,LINDAL,Linaria dalmatica
SC_BURN_06,THEMEG,Thelesperma megapotamicum
SC_BURN_06,LOMORI,Lomatium orientale
SC_BURN_06,CALGUN,Calochortus gunnisonii
SC_BURN_06,ALLTEX,Allium textile
SC_BURN_06,TAROFF,Taraxacum officinale
SC_BURN_06,ERIEFF,Eriogonum effusum
SC_BURN_06,MIRLIN,Mirabilis linearis
SC_BURN_06,EVONUT,Evolvulus nuttallianus
SC_BURN_06,HARTRA,Harbouria trachypleura
SC_BURN_06,CHEINC,Chenopodium incanum
SC_BURN_06,POACOM,Poa compressa
SC_BURN_06,DESPIN,Descurainia pinnata
SC_BURN_06,HESCOM,Hesperostipa comata
SC_BURN_06,TRADUB,Tragopogon dubius
SC_BURN_06,TRAOCC,Tradescantia occidentalis
SC_BURN_06,OXYSER,Oxytropis sericea
SC_BURN_06,LIAPUN,Liatris punctata
SC_BURN_06,ERIALA,Eriogonum alatum
SC_BURN_06,OENHOW,Oenothera howardii
SC_BURN_06,KOEMAC,Koeleria macrantha
SC_BURN_06,CHEALB,Chenopodium album
SC_BURN_06,TOMREP,Tomostima reptans
SC_BURN_07,HELPUM,Helianthus pumilus
SC_BURN_07,ALYSIM,Alyssum simplex
SC_BURN_07,CHEALB,Chenopodium album
SC_BURN_07,EUPESU,Euphorbia esula
SC_BURN_07,OPUPOL,Opuntia polyacantha
SC_BURN_07,ALLTEX,Allium textile
SC_BURN_07,KOEMAC,Koeleria macrantha
SC_BURN_07,SISALT,Sisymbrium altissimum
SC_BURN_07,OENSUF,Oenothera suffrutescens
SC_BURN_07,CERARV,Cerastium arvense
SC_BURN_07,ARGPOL,Argemone polyanthemos
SC_BURN_07,PEDTEN,Pediomelum tenuiflorum
SC_BURN_07,DESPIN,Descurainia pinnata
SC_BURN_07,RHUTRI,Rhus trilobata
SC_BURN_07,YUCGLA,Yucca glauca
SC_BURN_07,ARIPUR,Aristida purpurea
SC_BURN_07,LINLEW,Linum lewisii
SC_BURN_07,PHYMON,Physaria montana
SC_BURN_07,VIONUT,Viola nuttallii
SC_BURN_07,MEDLUP,Medicago lupulina
SC_BURN_07,LINDAL,Linaria dalmatica
SC_BURN_07,HESCOM,Hesperostipa comata
SC_BURN_07,THEMEG,Thelesperma megapotamicum
SC_BURN_07,TRAOCC,Tradescantia occidentalis
SC_BURN_07,CONARV,Convolvulus arvensis
SC_BURN_07,CHEINC,Chenopodium incanum
SC_BURN_07,LOMORI,Lomatium orientale
SC_BURN_07,BROTEC,Bromus tectorum
SC_BURN_07,ANDGER,Andropogon gerardii
SC_BURN_07,MIRLIN,Mirabilis linearis
SC_BURN_07,BOUGRA,Bouteloua gracilis
SC_BURN_08,ALYSIM,Alyssum simplex
SC_BURN_08,ALLTEX,Allium textile
SC_BURN_08,TRADUB,Tragopogon dubius
SC_BURN_08,EROCIC,Erodium cicutarium
SC_BURN_08,GAIARI,Gaillardia aristata
SC_BURN_08,DESPIN,Descurainia pinnata
SC_BURN_08,SISALT,Sisymbrium altissimum
SC_BURN_08,RHUTRI,Rhus trilobata
SC_BURN_08,CERMON,Cercocarpus montanus
SC_BURN_08,MIRNYC,Mirabilis nyctaginea
SC_BURN_08,VIONUT,Viola nuttallii
SC_BURN_08,LOMORI,Lomatium orientale
SC_BURN_08,YUCGLA,Yucca glauca
SC_BURN_08,ASTSHO,Astragalus shortianus
SC_BURN_08,HESCOM,Hesperostipa comata
SC_BURN_08,BROTEC,Bromus tectorum
SC_BURN_08,ARIPUR,Aristida purpurea
SC_BURN_08,OENSUF,Oenothera suffrutescens
SC_BURN_08,OPUPOL,Opuntia polyacantha
SC_BURN_08,SCUBRI,Scutellaria brittonii
SC_BURN_08,CAMMIC,Camelina microcarpa
SC_BURN_08,ARTFRI,Artemesia frigida
SC_BURN_08,MEDLUP,Medicago lupulina
SC_BURN_08,LAPOCC,Lappula occidentalis
SC_BURN_08,CIRUND,Cirsium undulatum
SC_BURN_08,LINLEW,Linum lewisii
SC_BURN_08,HETVIL,Heterotheca villosa
SC_BURN_08,ERIEFF,Eriogonum effusum
SC_BURN_08,ARTLUD,Artemesia ludoviciana
SC_BURN_08,TOMREP,Tomostima reptans
SC_BURN_09,ALYSIM,Alyssum simplex
SC_BURN_09,OPUPOL,Opuntia polyacantha
SC_BURN_09,ALLTEX,Allium textile
SC_BURN_09,CHEALB,Chenopodium album
SC_BURN_09,CERMON,Cercocarpus montanus
SC_BURN_09,LACSER,Lactuca serriola
SC_BURN_09,CAMMIC,Camelina microcarpa
SC_BURN_09,HELPUM,Helianthus pumilus
SC_BURN_09,ARIPUR,Aristida purpurea
SC_BURN_09,BOUGRA,Bouteloua gracilis
SC_BURN_09,SCUBRI,Scutellaria brittonii
SC_BURN_09,BROTEC,Bromus tectorum
SC_BURN_09,EUPFEN,Euphorbia fendleri
SC_BURN_09,TRADUB,Tragopogon dubius
SC_BURN_09,LAPOCC,Lappula occidentalis
SC_BURN_09,ARTDRA,Artemesia dracunculus
SC_BURN_09,PHYMON,Physaria montana
SC_BURN_09,ARTFRI,Artemesia frigida
SC_BURN_09,OENSUF,Oenothera suffrutescens
SC_BURN_09,LOMORI,Lomatium orientale
SC_BURN_09,EROCIC,Erodium cicutarium
SC_BURN_09,TOMREP,Tomostima reptans
SC_BURN_09,HETVIL,Heterotheca villosa
SC_BURN_09,LINLEW,Linum lewisii
SC_BURN_09,KOEMAC,Koeleria macrantha
SC_BURN_09,HESCOM,Hesperostipa comata
SC_BURN_09,OENALB,Oenothera albicaulis
SC_BURN_09,TRAOCC,Tradescantia occidentalis
SC_BURN_10,HELPUM,Helianthus pumilus
SC_BURN_10,ALLTEX,Allium textile
SC_BURN_10,ANDGER,Andropogon gerardii
SC_BURN_10,LAPOCC,Lappula occidentalis
SC_BURN_10,ARTLUD,Artemesia ludoviciana
SC_BURN_10,HESCOM,Hesperostipa comata
SC_BURN_10,TRARAM,Tragia ramosa
SC_BURN_10,EUPESU,Euphorbia esula
SC_BURN_10,TRADUB,Tragopogon dubius
SC_BURN_10,CHEALB,Chenopodium album
SC_BURN_10,OENSUF,Oenothera suffrutescens
SC_BURN_10,YUCGLA,Yucca glauca
SC_BURN_10,ARIPUR,Aristida purpurea
SC_BURN_10,OXYSER,Oxytropis sericea sericea
SC_BURN_10,PEDTEN,Pediomelum tenuiflorum
SC_BURN_10,HETVIL,Heterotheca villosa
SC_BURN_10,VIONUT,Viola nuttallii
SC_BURN_10,NOTCUS,Nothocalais cuspidata
SC_BURN_10,LINLEW,Linum lewisii
SC_BURN_10,CALGUN,Calochortus gunnisonii
SC_BURN_10,EVONUT,Evolvulus nuttallianus
SC_BURN_10,LIAPUN,Liatris punctata
SC_BURN_10,OPUPOL,Opuntia polyacantha
SC_BURN_10,CIRUND,Cirsium undulatum
SC_BURN_10,ELYSMI,Elymus smithii
SC_BURN_10,DELCAR,Delphinium carolinianum
SC_BURN_10,MIRLIN,Mirabilis linearis
SC_BURN_10,OPUMAC,Opuntia macrorhiza
SC_BURN_10,HARTRA,Harbouria trachypleura
SC_BURN_10,OENHOW,Oenothera howardii
SC_BURN_10,ELYELY,Elymus elymoides
SC_BURN_10,LINDAL,Linaria dalmatica
SC_BURN_11,ASTAGR,Astragalus agrestis
SC_BURN_11,ARGPOL,Argemone polyanthemos
SC_BURN_11,ELYSMI,Elymus smithii
SC_BURN_11,ARTDRA,Artemisia dracunculus
SC_BURN_11,CAREX SP.,Carex sp.
SC_BURN_11,ELLNYC,Ellisia nyctelea
SC_BURN_11,VIONUT,Viola nuttallii
SC_BURN_11,CHEALB,Chenopodium album
SC_BURN_11,THEMEG,Thelesperma megapotamicum
SC_BURN_11,LIAPUN,Liatris punctata
SC_BURN_11,PEDTEN,Pediomelum tenuiflorum
SC_BURN_11,LINLEW,Linum lewisii
SC_BURN_11,DESPIN,Descurainia pinnata
SC_BURN_11,LINDAL,Linaria dalmatica
SC_BURN_11,HESCOM,Hesperostipa comata
SC_BURN_11,OENSUF,Oenothera suffrutescens
SC_BURN_11,AMBPSI,Ambrosia psilostachya
SC_BURN_11,SPHCOC,Sphaeralcea coccinea
SC_BURN_11,TAROFF,Taraxacum officinale
SC_BURN_11,FALCON,Fallopia convolvulus
SC_BURN_11,ASTFLE,Astragalus flexuosus
SC_BURN_11,TRADUB,Tragopogon dubius
SC_BURN_11,ARTLUD,Artemisia ludoviciana
SC_BURN_11,POACOM,Poa compressa
SC_BURN_11,ANDGER,Andropogon gerardii
SC_BURN_11,HEUPAR,Heuchera parvifolia
SC_BURN_11,CERARV,Cerastium arvense strictum
SC_BURN_11,LOMORI,Lomatium orientale
SC_BURN_11,OPUPOL,Opuntia polyacantha
SC_BURN_11,TOXPAN,Toxicoscordion paniculatum
SC_BURN_11,ROSARK,Rosa arkansana
SC_BURN_11,ARIPUR,Aristida purpurea
SC_BURN_11,NOTCUS,Nothocalais cuspidata
SC_BURN_11,YUCGLA,Yucca glauca
SC_BURN_11,ERIEFF,Eriogonum effusum
SC_BURN_11,HETVIL,Heterotheca villosa
SC_BURN_11,HARTRA,Harbouria trachypleura
SC_BURN_12,LIAPUN,Liatris punctata
SC_BURN_12,ARIPUR,Aristida purpurea
SC_BURN_12,PEDTEN,Pediomelum tenuiflorum
SC_BURN_12,ANDGER,Andropogon gerardii
SC_BURN_12,QUILOB,Quincula lobata
SC_BURN_12,ALLTEX,Allium textile
SC_BURN_12,OENSUF,Oenothera suffrutescens
SC_BURN_12,OENHOW,Oenothera howardii
SC_BURN_12,ASTFLE,Astragalus flexuosus
SC_BURN_12,ELYSMI,Elymus smithii
SC_BURN_12,POMVER,Pombalia verticillata
SC_BURN_12,CAREX SP.,Carex sp.
SC_BURN_12,HESCOM,Hesperostipa comata
SC_BURN_12,TRARAM,Tragia ramosa
SC_BURN_12,BOUGRA,Bouteloua gracilis
SC_BURN_12,LINLEW,Linum lewisii
SC_BURN_12,EUPESU,Euphorbia esula
SC_BURN_12,SPHCOC,Sphaeralcea coccinea
SC_BURN_12,LINDAL,Linaria dalmatica
SC_BURN_12,CHEALB,Chenopodium album
SC_BURN_12,CONARV,Convolvulus arvensis
SC_BURN_12,DALPUR,Dalea purpurea
SC_BURN_12,YUCGLA,Yucca glauca
SC_BURN_12,OPUMAC,Opuntia macrorhiza
SC_BURN_12,TRADUB,Tragopogon dubius
SC_BURN_12,HELANN,Helianthus annuus
SC_BURN_12,VIONUT,Viola nuttallii
SC_BURN_12,THEMEG,Thelesperma megapotamicum
SC_BURN_13,PEDTEN,Pediomelum tenuiflorum
SC_BURN_13,EVONUT,Evolvulus nuttallianus
SC_BURN_13,THEMEG,Thelesperma megapotamicum
SC_BURN_13,ARTDRA,Artemisia dracunculus
SC_BURN_13,PACPLA,Packera plattensis
SC_BURN_13,EROCIC,Erodium cicutarium
SC_BURN_13,OENSUF,Oenothera suffrutescens
SC_BURN_13,BOUGRA,Bouteloua gracilis
SC_BURN_13,TRARAM,Tragia ramosa
SC_BURN_13,OPUPOL,Opuntia polyacantha
SC_BURN_13,CONARV,Convolvulus arvensis
SC_BURN_13,LIAPUN,Liatris punctata
SC_BURN_13,CHEALB,CHenopodium album
SC_BURN_13,ELYSMI,Elymus smithii
SC_BURN_13,SPHCOC,Sphaeralcea coccinea
SC_BURN_13,CHEINC,Chenopodium incanum
SC_BURN_13,PHYHED,Physalis hederifolia
SC_BURN_13,YUCGLA,Yucca glauca
SC_BURN_13,AMBPSI,Ambrosia psilostachya
SC_BURN_13,LINLEW,Linum lewisii
SC_BURN_13,LINDAL,Linaria dalmatica
SC_BURN_13,ARGPOL,Argemone polyanthemos
SC_BURN_13,NOTCUS,Nothocalais cuspidata
SC_BURN_13,MIRLIN,Mirabilis linearis
SC_BURN_13,OPUMAC,Opuntia macrorhiza
SC_BURN_13,HETVIL,Heterotheca villosa
SC_BURN_13,ARTLUD,Artemisia ludoviciana
SC_BURN_13,ARIPUR,Aristida purpurea
SC_BURN_13,PACFEN,Packera fendleri
SC_BURN_13,HESCOM,Hesperostipa comata
SC_BURN_13,BROTEC,Bromus tectorum
SC_BURN_13,CIRUND,Cirsium undulatum
SC_BURN_13,LOMORI,Lomatium orientale
SC_BURN_14,YUCGLA,Yucca glauca
SC_BURN_14,VIONUT,Viola nuttallii
SC_BURN_14,HETVIL,Heterotheca villosa
SC_BURN_14,LINLEW,Linum lewisii
SC_BURN_14,PHYMON,Physaria montana
SC_BURN_14,LIAPUN,Liatris punctata
SC_BURN_14,ALLTEX,Allium textile
SC_BURN_14,HARTRA,Harbouria trachypleura
SC_BURN_14,OENSUF,Oenothera suffrutescens
SC_BURN_14,OENHOW,Oenothera howardii
SC_BURN_14,ANDGER,Andropogon gerardii
SC_BURN_14,LINDAL,Linaria dalmatica
SC_BURN_14,CHEALB,Chenopodium album
SC_BURN_14,POACOM,Poa compressa
SC_BURN_14,ROSARK,Rosa arkansana
SC_BURN_14,ARTLUD,Artemisia ludoviciana
SC_BURN_14,CIRUND,Cirsium undulatum
SC_BURN_14,NOTCUS,Nothocalais cuspidata
SC_BURN_14,DESPIN,Descurainia pinnata
SC_BURN_14,TRADUB,Tragopogon dubius
SC_BURN_14,TRAOCC,Tradescantia occidentalis
SC_BURN_14,LOMORI,Lomatium orientale
SC_BURN_14,OPUPOL,Opuntia polyacantha
SC_BURN_14,ALYSIM,Alyssum simplex
SC_BURN_14,THEMEG,Thelesperma megapotamicum
SC_BURN_14,HELPUM,Helianthus pumilus
SC_BURN_14,CERARV,Cerastium arvense strictum
SC_BURN_14,ERIEFF,Eriogonum effusum
SC_BURN_14,NUTTEX,Nuttallanthus texanus
SC_BURN_14,TOMREP,Tomostima reptans
SC_BURN_14,OXYSER,Oxytropis sericea sericea
SC_BURN_15,ELYSMI,Elymus smithii
SC_BURN_15,BOUGRA,Bouteloua gracilis
SC_BURN_15,EVONUT,Evolvulus nuttallianus
SC_BURN_15,OPUMAC,Opuntia macrorhiza
SC_BURN_15,SPHCOC,Sphaeralcea coccinea
SC_BURN_15,TRARAM,Tragia ramosa
SC_BURN_15,ASTLAX,Astragalus laxmannii
SC_BURN_15,ARTLUD,Artemisia ludoviciana
SC_BURN_15,LINDAL,Linaria dalmatica
SC_BURN_15,EROCIC,Erodium cicutarium
SC_BURN_15,CHEALB,Chenopodium album
SC_BURN_15,DELCAR,Delphinium carolinianum
SC_BURN_15,OENSUF,Oenothera suffrutescens
SC_BURN_15,LAPOCC,Lappula occidentalis
SC_BURN_15,ARIPUR,Aristida purpurea
SC_BURN_15,PHYHED,Physalis hederifolia
SC_BURN_15,ANDGER,Andropogon gerardii
SC_BURN_15,TRADUB,Tragopogon dubius
SC_BURN_15,LIAPUN,Liatris punctata
SC_BURN_15,HETVIL,Heterotheca villosa
SC_BURN_15,QUILOB,Quincula lobata
SC_BURN_15,UNK11,
SC_BURN_15,HESCOM,Hesperostipa comata
SC_BURN_15,CAREX SP.,Carex sp.
SC_BURN_15,ERIEFF,Eriogonum effusum
SC_BURN_15,HELANN,Helianthus annuus
SC_BURN_15,LOMORI,Lomatium orientale
SC_BURN_15,MIRLIN,Mirabilis linearis
SC_BURN_15,PEDTEN,Pediomelum tenuiflorum
SC_BURN_15,TRAOCC,Tradescantia occidentalis
SC_BURN_16,ANDGER,Andropogon gerardii
SC_BURN_16,LOMORI,Lomatium orientale
SC_BURN_16,ARTLUD,Artemisia ludoviciana
SC_BURN_16,EUPESU,Euphorbia esula
SC_BURN_16,LINLEW,Linum lewisii
SC_BURN_16,MIRLIN,Mirabilis linearis
SC_BURN_16,PEDTEN,Pediomelum tenuiflorum
SC_BURN_16,TRARAM,Tragia ramosa
SC_BURN_16,ROSARK,Rosa arkansana
SC_BURN_16,OENSUF,Oenothera suffrutescens
SC_BURN_16,BOUGRA,Bouteloua gracilis
SC_BURN_16,YUCGLA,Yucca glauca
SC_BURN_16,CHEALB,Chenopodium album
SC_BURN_16,POMVER,Pombalia verticillata
SC_BURN_16,CIRUND,Cirsium undulatum
SC_BURN_16,LINDAL,Linaria dalmatica
SC_BURN_16,HETVIL,Heterotheca villosa
SC_BURN_16,OPUPOL,Opuntia polyacantha
SC_BURN_16,LIAPUN,Liatris punctata
SC_BURN_16,SPHCOC,Sphaeralcea coccinea
SC_BURN_16,OENHOW,Oenothera howardii
SC_BURN_16,PACPLA,Packera plattensis
SC_BURN_16,LAPOCC,Lappula occidentalis
SC_BURN_16,NOTCUS,Nothocalais cuspidata
SC_BURN_16,ASTFLE,Astragalus flexuosus
SC_BURN_16,ALLTEX,Allium textile
SC_BURN_16,BROTEC,Bromus tectorum
SC_BURN_16,ARIPUR,Aristida purpurea
SC_BURN_16,CAREX SP.,Carex sp.
SC_BURN_16,TRAOCC,Tradescantia occidentalis
SC_BURN_16,CERARV,Cerastium arvense strictum
SC_BURN_16,HESCOM,Hesperostipa comata
SC_BURN_16,HELANN,Helianthus annuus
SC_BURN_16,ASCVIR,Asclepias viridiflora
SC_BURN_16,ELYSMI,Elymus smithii
SC_BURN_17,LINDAL,Linaria dalmatica
SC_BURN_17,AMBPSI,Ambrosia psilostachya
SC_BURN_17,QUILOB,Quincula lobata
SC_BURN_17,CAREX SP.,Carex sp.
SC_BURN_17,ANDGER,Andropogon gerardii
SC_BURN_17,BOUGRA,Bouteloua gracilis
SC_BURN_17,HESCOM,Hesperostipa comata
SC_BURN_17,CHEALB,Chenopodium album
SC_BURN_17,PEDTEN,Pediomelum tenuiflorum
SC_BURN_17,NOTCUS,Nothocalais cuspidata
SC_BURN_17,SPHCOC,Sphaeralcea coccinea
SC_BURN_17,TRAOCC,Tradescantia occidentalis
SC_BURN_17,TRARAM,Tragia ramosa
SC_BURN_17,OPUMAC,Opuntia macrorhiza
SC_BURN_17,OENSUF,Oenothera suffrutescens
SC_BURN_17,LAPOCC,Lappula occidentalis
SC_BURN_17,HELANN,Helianthus annuus
SC_BURN_17,TRADUB,Tragopogon dubius
SC_BURN_17,ERIEFF,Eriogonum effusum
SC_BURN_17,OPUPOL,Opuntia polyacantha
SC_BURN_17,EROCIC,Erodium cicutarium
SC_BURN_17,HETVIL,Heterotheca villosa
SC_BURN_17,ARTLUD,Artemisia ludoviciana
SC_BURN_17,DESPIN,Descurainia pinnata
SC_BURN_17,CIRUND,Cirsium undulatum
SC_BURN_17,ELYSMI,Elymus smithii
SC_BURN_17,OENHOW,Oenothera howardii
SC_BURN_17,VIONUT,Viola nuttallii
SC_BURN_17,LIAPUN,Liatris punctata
SC_BURN_17,YUCGLA,Yucca glauca
SC_BURN_17,UNK10,
SC_BURN_18,ELYSMI,Elymus smithii
SC_BURN_18,PEDTEN,Pediomelum tenuiflorum
SC_BURN_18,ROSARK,Rosa arkansana
SC_BURN_18,HELANN,Helianthus annuus
SC_BURN_18,CHEALB,Chenopodium album
SC_BURN_18,CIRUND,Cirsium undulatum
SC_BURN_18,ARTLUD,Artemisia ludoviciana
SC_BURN_18,POMVER,Pombalia verticillata
SC_BURN_18,LINDAL,Linaria dalmatica
SC_BURN_18,TRARAM,Tragia ramosa
SC_BURN_18,OPUPOL,Opuntia polyacantha
SC_BURN_18,TRAOCC,Tradescantia occidentalis
SC_BURN_18,YUCGLA,Yucca glauca
SC_BURN_18,LIAPUN,Liatris punctata
SC_BURN_18,OPUMAC,Opuntia macrorhiza
SC_BURN_18,MIRLIN,Mirabilis linearis
SC_BURN_18,CAREX SP.,Carex sp.
SC_BURN_18,EROCIC,Erodium cicutarium
SC_BURN_18,TRADUB,Tragopogon dubius
SC_BURN_18,ANDGER,Andropogon gerardii
SC_BURN_18,HESCOM,Hesperostipa comata
SC_CON_01,ANDGER,Andropogon gerardii
SC_CON_01,ARTLUD,Artemisia ludoviciana
SC_CON_01,HESCOM,Hesperostipa comata
SC_CON_01,HELPUM,Helianthus pumilus
SC_CON_01,ARTFRI,Artemisia frigida
SC_CON_01,EROCIC,Erodium cicutarium
SC_CON_01,TRARAM,Tragia ramosa
SC_CON_01,MIRLIN,Mirabilis linearis
SC_CON_01,OPUPOL,Opuntia polyacantha
SC_CON_01,YUCGLA,Yucca glauca
SC_CON_01,EVONUT,Evolvulus nuttallianus
SC_CON_01,TRAOCC,Tradescantia occidentalis
SC_CON_01,TRADUB,Tragopogon dubius
SC_CON_01,VIONUT,Viola nuttallii
SC_CON_01,HETVIL,Heterotheca villosa
SC_CON_01,ALLTEX,Allium textile
SC_CON_01,ECHVIR,Echinocereus viridiflorus
SC_CON_01,CIRUND,Cirsium undulatum
SC_CON_01,PEDTEN,Pediomelum tenuiflorum
SC_CON_01,LAPOCC,Lappula occidentalis
SC_CON_01,AMBPSI,Ambrosia psilostachya
SC_CON_01,EUPESU,Euphorbia esula
SC_CON_01,BROTEC,Bromus tectorum
SC_CON_01,OPUMAC,Opuntia macrorhiza
SC_CON_01,ERIFLA,Erigeron flagellaris
SC_CON_01,CERARV,Cerastium arvense strictum
SC_CON_01,HARTRA,Harbouria trachypleura
SC_CON_01,THEMEG,Thelesperma megapotamicum
SC_CON_02,ANDGER,Andropogon gerardii
SC_CON_02,SPHCOC,Sphaeralcea coccinea
SC_CON_02,ARTLUD,Artemisia ludoviciana
SC_CON_02,HELPUM,Helianthus pumilus
SC_CON_02,HETVIL,Heterotheca villosa
SC_CON_02,ERIFLA,Erigeron flagellaris
SC_CON_02,ARTFRI,Artemisia frigida
SC_CON_02,TRARAM,Tragia ramosa
SC_CON_02,PEDTEN,Pediomelum tenuiflorum
SC_CON_02,OENSUF,Oenothera suffrutescens
SC_CON_02,HESCOM,Hesperostipa comata
SC_CON_02,GUTSAR,Gutierrezia sarothrae
SC_CON_02,OPUPOL,Opuntia polyacantha
SC_CON_02,OPUMAC,Opuntia macrorhiza
SC_CON_02,EROCIC,Erodium cicutarium
SC_CON_02,SOLNIT,Solanum nitidibaccatum
SC_CON_02,CHEALB,Chenopodium album
SC_CON_02,PENSEC,Penstemon secundiflorus
SC_CON_02,YUCGLA,Yucca glauca
SC_CON_02,POMVER,Pombalia verticillata
SC_CON_02,MIRLIN,Mirabilis linearis
SC_CON_02,ARIPUR,Aristida purpurea
SC_CON_02,EVONUT,Evolvulus nuttallianus
SC_CON_02,TRADUB,Tragopogon dubius
SC_CON_02,TRAOCC,Tradescantia occidentalis
SC_CON_02,CAMMIC,Camelina microcarpa
SC_CON_02,THEMEG,Thelesperma megapotamicum
SC_CON_03,CIRUND,Cirsium undulatum
SC_CON_03,HESCOM,Hesperostipa comata
SC_CON_03,OPUPOL,Opuntia polyacantha
SC_CON_03,ERIFLA,ERIgeron flagellaris
SC_CON_03,AMBPSI,Ambrosia psilostachya
SC_CON_03,CHEALB,Chenopodium album
SC_CON_03,PINPON,Pinus ponderosa
SC_CON_03,ARTFRI,Artemisia frigida
SC_CON_03,CORAUR,Corydalis aurea
SC_CON_03,ASCPUM,Asclepias pumila
SC_CON_03,GERCAE,Geranium caespitosum
SC_CON_03,ASTFLE,Astragalus flexuosus
SC_CON_03,ARTLUD,Artemisia ludoviciana
SC_CON_03,LINLEW,Linum lewisii
SC_CON_03,ARIPUR,Aristida purpurea
SC_CON_03,VIONUT,Viola nuttallii
SC_CON_03,TRARAM,Tragia ramosa
SC_CON_03,EROCIC,Erodium cicutarium
SC_CON_03,EUPESU,Euphorbia esula
SC_CON_03,UNK6,
SC_CON_03,ANDGER,Andropogon gerardii
SC_CON_03,HARTRA,Harbouria trachypleura
SC_CON_03,TRAOCC,Tradescantia occidentalis
SC_CON_03,TAROFF,Taraxacum officinale
SC_CON_03,LIAPUN,Liatris punctata
SC_CON_04,BROINE,Bromus inermis
SC_CON_04,ARTFRI,Artemesia frigida
SC_CON_04,ALYSIM,Alyssum simplex
SC_CON_04,ANDGER,Andropogon gerardii
SC_CON_04,BROTEC,Bromus tectorum
SC_CON_04,ERIEFF,Eriogonum effusum
SC_CON_04,ERINAU,Ericameria nauseosa
SC_CON_04,OENSUF,Oenothera suffrutescens
SC_CON_04,OPUMAC,Opuntia macrorhiza
SC_CON_04,EROCIC,Erodium cicutarium
SC_CON_04,DESPIN,Descurainia pinnata
SC_CON_04,PHYHED,Physalis hederifolia
SC_CON_04,ARIPUR,Aristida purpurea
SC_CON_04,CONARV,Convolvulus arvensis
SC_CON_04,SPHCOC,Sphaeralcea coccinea
SC_CON_04,EVONUT,Evolvulus nuttallianus
SC_CON_04,ARTDRA,Artemesia dracunculus
SC_CON_04,TOMREP,Tomostima reptans
SC_CON_04,ASTCRA,Astragalus crassicarpus
SC_CON_04,LINDAL,Linaria dalmatica
SC_CON_04,UNK 11,
SC_CON_04,PEDTEN,Pediomelum tenuiflorum
SC_CON_04,AMBPSI,Ambrosia psilostachya
SC_CON_04,OENHOW,Oenothera howardii
SC_CON_04,HETVIL,Heterotheca villosa
SC_CON_04,VIONUT,Viola nuttallii
SC_CON_04,ELYELY,Elymus elymoides
SC_CON_04,YUCGLA,Yucca glauca
SC_CON_04,ERIFLA,Erigeron flagellaris
SC_CON_04,LOMORI,Lomatium orientale
SC_CON_04,LACSER,Lactuca serriola
SC_CON_04,ASTFLE,Astragalus flexuosus
SC_CON_04,ARTLUD,Artemesia ludoviciana
SC_CON_04,THEMEG,Thelesperma megapotamicum
SC_CON_05,VERTHA,Verbascum thapsus
SC_CON_05,BROTEC,Bromus tectorum
SC_CON_05,ERINAU,Ericameria nauseosa
SC_CON_05,PEDTEN,Pediomelum tenuiflorum
SC_CON_05,ERIFLA,Erigeron flagellaris
SC_CON_05,HETVIL,Heterotheca villosa
SC_CON_05,ARTDRA,Artemesia dracunculus
SC_CON_05,ARTFRI,Artemesia frigida
SC_CON_05,ARIPUR,Aristida purpurea
SC_CON_05,CONARV,Convolvulus arvensis
SC_CON_05,UNK 11,
SC_CON_05,LINLEW,Linum lewisii
SC_CON_05,ALYSIM,Alyssum simplex
SC_CON_05,AGRCRI,Agropyron cristatum
SC_CON_05,TAROFF,Taraxacum officinale
SC_CON_05,LINDAL,Linaria dalmatica
SC_CON_05,OENSUF,Oenothera suffrutescens
SC_CON_05,ARGPOL,Argemone polyanthemos
SC_CON_05,ELYSMI,Elymus smithii
SC_CON_05,LIAPUN,Liatris punctata
SC_CON_05,ERIEFF,Eriogonum effusum
SC_CON_05,ELYELY,Elymus elymoides
SC_CON_05,AMBPSI,Ambrosia psilostachya
SC_CON_05,POACOM,Poa compressa
SC_CON_05,OPUMAC,Opuntia macrorhiza
SC_CON_05,SPHCOC,Sphaeralcea coccinea
SC_CON_05,PHYHED,Physalis hederifolia
SC_CON_05,GUTSAR,Gutierrezia sarothrae
SC_CON_06,YUCGLA,Yucca glauca
SC_CON_06,SPHCOC,Sphaeralcea coccinea
SC_CON_06,OPUMAC,Opuntia macrorhiza
SC_CON_06,ALYSIM,Alyssum simplex
SC_CON_06,BROTEC,Bromus tectorum
SC_CON_06,PEDTEN,Pediomelum tenuiflorum
SC_CON_06,PACFEN,Packera fendleri
SC_CON_06,CONARV,Convolvulus arvensis
SC_CON_06,ERIFLA,Erigeron flagellaris
SC_CON_06,HETVIL,Heterotheca villosa
SC_CON_06,ARTFRI,Artemesia frigida
SC_CON_06,ARIPUR,Aristida purpurea
SC_CON_06,OENSUF,Oenothera suffrutescens
SC_CON_06,OPUPOL,Opuntia polyacantha
SC_CON_06,LINDAL,Linaria dalmatica
SC_CON_06,ARTFRI,Artemesia frigida
SC_CON_06,ARIPUR,Aristida purpurea
SC_CON_06,ARTDRA,Artemesia dracunculus
SC_CON_06,HESCOM,Hesperostipa comata
SC_CON_06,ERIEFF,Eriogonum effusum
SC_CON_06,EROCIC,Erodium cicutarium
SC_CON_06,ECHVIR,Echinocereus viridiflorus
SC_CON_06,BROJAP,Bromus japonicus
SC_CON_07,BROTEC,Bromus tectorum
SC_CON_07,BROJAP,Bromus japonicus
SC_CON_07,BROINE,Bromus inermis
SC_CON_07,AGRCRI,Agropyron cristatum
SC_CON_07,HESCOM,Hesperostipa comata
SC_CON_07,POACOM,Poa compressa
SC_CON_07,ANDGER,Andropogon gerardii
SC_CON_07,BOUGRA,Bouteloua gracilis
SC_CON_07,ARIPUR,Aristida purpurea
SC_CON_07,ELYELY,Elymus elymoides
SC_CON_07,HETVIL,Heterotheca villosa
SC_CON_07,YUCGLA,Yucca glauca
SC_CON_07,OPUMAC,Opuntia macrorhiza
SC_CON_07,ALYSIM,Alyssum simplex
SC_CON_07,OENSUF,Oenothera suffrutescens
SC_CON_07,ARTLUD,Artemesia ludoviciana
SC_CON_07,ERIFLA,Erigeron flagellaris
SC_CON_07,VIONUT,Viola nuttallii
SC_CON_07,KOEMAC,Koeleria macrantha
SC_CON_07,CERARV,Cerastium arvense
SC_CON_07,ESCVIR,Escobaria viridiflorus
SC_CON_07,ARTFRI,Artemesia frigida
SC_CON_07,ARTDRA,Artemesia dracunculus
SC_CON_07,CONARV,Convolvulus arvensis
SC_CON_07,LINLEW,Linum lewisii
SC_CON_07,OPUPOL,Opuntia polyacantha
SC_CON_07,THEMEG,Thelesperma megapotamicum
SC_CON_07,MIRLIN,Mirabilis linearis
SC_CON_07,PEDTEN,Pediomelum tenuiflorum
SC_CON_07,TRARAM,Tragia ramosa
SC_CON_07,EVONUT,Evolvulus nuttallianus
SC_CON_07,SPHCOC,Sphaeralcea coccinea
SC_CON_07,GUTSAR,Gutierrezia sarothrae
SC_CON_07,HELPUM,Helianthus pumilus
SC_CON_07,OREVIR,Oreocarya virgata
SC_CON_08,ALYSIM,Alyssum simplex
SC_CON_08,BROJAP,Bromus japonicus
SC_CON_08,BROTEC,Bromus tectorum
SC_CON_08,ARTFRI,Artemesia frigida
SC_CON_08,ERIFLA,Erigeron flagellaris
SC_CON_08,ARIPUR,Aristida purpurea
SC_CON_08,PEDTEN,Pediomelum tenuiflorum
SC_CON_08,HESCOM,Hesperostipa comata
SC_CON_08,ARTLUD,Artemesia ludoviciana
SC_CON_08,HETVIL,Heterotheca villosa
SC_CON_08,TRARAM,Tragia ramosa
SC_CON_08,OPUPOL,Opuntia polyacantha
SC_CON_08,AMBPSI,Ambrosia psilostachya
SC_CON_08,EROCIC,Erodium cicutarium
SC_CON_08,ESCVIR,Escobaria viridiflorus
SC_CON_08,CIRUND,Cirsium undulatum
SC_CON_08,YUCGLA,Yucca glauca
SC_CON_08,SPHCOC,Sphaeralcea coccinea
SC_CON_08,CONARV,Convolvulus arvensis
SC_CON_08,OPUMAC,Opuntia macrorhiza
SC_CON_08,GUTSAR,Gutierrezia sarothrae
SC_CON_08,EVONUT,Evolvulus nuttallianus
SC_CON_08,OENSUF,Oenothera suffrutescens
SC_CON_08,HORJUB,Hordeum jubatum
SC_CON_08,LINLEW,Linum lewisii
SC_CON_08,ALLTEX,Allium textile
SC_CON_09,ANDGER,Andropogon gerardii
SC_CON_09,BROTEC,Bromus tectorum
SC_CON_09,ALYSIM,Alyssum simplex
SC_CON_09,LIAPUN,Liatris punctata
SC_CON_09,TRAOCC,Tradescantia occidentalis
SC_CON_09,ARTLUD,Artemesia ludoviciana
SC_CON_09,HESCOM,Hesperostipa comata
SC_CON_09,CERARV,Cerastium arvense
SC_CON_09,TRARAM,Tragia ramosa
SC_CON_09,YUCGLA,Yucca glauca
SC_CON_09,OENSUF,Oenothera suffrutescens
SC_CON_09,ARIPUR,Aristida purpurea
SC_CON_09,HETVIL,Heterotheca villosa
SC_CON_09,OPUMAC,Opuntia macrorhiza
SC_CON_09,RHUTRI,Rhus trilobata
SC_CON_09,CHEALB,Chenopodium album
SC_CON_09,ERIFLA,Erigeron flagellaris
SC_CON_09,CIRUND,Cirsium undulatum
SC_CON_09,TRADUB,Tragopogon dubius
SC_CON_09,LACSER,Lactuca serriola
SC_CON_09,ELYSMI,Elymus smithii
SC_CON_09,PEDTEN,Pediomelum tenuiflorum
SC_CON_09,DESPIN,Descurainia pinnata
SC_CON_09,DALPUR,Dalea purpurea
SC_CON_09,LINLEW,Linum lewisii
SC_CON_09,EVONUT,Evolvulus nuttallianus
SC_CON_09,VIONUT,Viola nuttallii
SC_CON_09,LINDAL,Linaria dalmatica
SC_CON_09,PACFEN,Packera fendleri
SC_CON_09,DRYFIS,Drymocallis fissa
SC_CON_09,EUPESU,Euphorbia esula
SC_CON_09,EROCIC,Erodium cicutarium
SC_CON_09,CAMMIC,Camelina microcarpa
SC_CON_09,SILANT,Silene antirrhina
SC_CON_09,ERIMOD,Erigeron modestus
SC_CON_09,CHEINC,Chenopodium incanum
SC_CON_10,YUCGLA,Yucca glauca
SC_CON_10,ARTLUD,Artemesia ludoviciana
SC_CON_10,BROJAP,Bromus japonicus
SC_CON_10,ALYSIM,Alyssum simplex
SC_CON_10,BROTEC,Bromus tectorum
SC_CON_10,HESCOM,Hesperostipa comata
SC_CON_10,OPUMAC,Opuntia macrorhiza
SC_CON_10,OPUPOL,Opuntia polyacantha
SC_CON_10,GAIARI,Gaillardia aristata
SC_CON_10,VIONUT,Viola nuttallii
SC_CON_10,PEDTEN,Pediomelum tenuiflorum
SC_CON_10,ERIFLA,Erigeron flagellaris
SC_CON_10,TRARAM,Tragia ramosa
SC_CON_10,ELYSMI,Elymus smithii
SC_CON_10,HETVIL,Heterotheca villosa
SC_CON_10,SISALT,Sisymbrium altissimum
SC_CON_10,ELYELY,Elymus elymoides
SC_CON_10,ANDGER,Andropogon gerardii
SC_CON_10,CIRUND,Cirsium undulatum
SC_CON_10,ARTFRI,Artemesia frigida
SC_CON_10,HARTRA,Harbouria trachypleura
SC_CON_10,AMBPSI,Ambrosia psilostachya
SC_CON_10,ECHVIR,Echinocereus viridiflorus
SC_CON_10,LACSER,Lactuca serriola
SC_CON_10,ERIALA,Eriogonum alatum
SC_CON_10,TRAOCC,Tradescantia occidentalis
SC_CON_10,GRISUB,Grindelia subalpina
SC_CON_10,MIRLIN,Mirabilis linearis
SC_CON_10,CERARV,Cerastium arvense
SC_CON_10,ROSARK,Rosa arkansana
SC_CON_10,EROCIC,Erodium cicutarium
SC_CON_12,KOEMAC,Koeleria macrantha
SC_CON_12,TRADUB,Tragopogon dubius
SC_CON_12,HELPUM,Helianthus pumilus
SC_CON_12,CAREX SP.,Carex sp.
SC_CON_12,SPHCOC,Sphaeralcea coccinea
SC_CON_12,OENSUF,Oenothera suffrutescens
SC_CON_12,LIAPUN,Liatris punctata
SC_CON_12,OXYSER,Oxytropis sericea sericea
SC_CON_12,LINDAL,Linaria dalmatica
SC_CON_12,ERIFLA,Erigeron flagellaris
SC_CON_12,HESCOM,Hesperostipa comata
SC_CON_12,GUTSAR,Gutierrezia sarothrae
SC_CON_12,ARTFRI,Artemisia frigida
SC_CON_12,ARTDRA,Artemisia dracunculus
SC_CON_12,THEMEG,Thelesperma megapotamicum
SC_CON_12,PENSEC,Penstemon secundiflorus
SC_CON_12,PEDTEN,Pediomelum tenuiflorum
SC_CON_12,VIONUT,Viola nuttallii
SC_CON_12,ANDGER,Andropogon gerardii
SC_CON_12,ARTLUD,Artemisia ludoviciana
SC_CON_12,HETVIL,Heterotheca villosa
SC_CON_12,GAIARI,Gaillardia aristata
SC_CON_12,ARIPUR,Aristida purpurea
SC_CON_12,BOUGRA,Bouteloua gracilis
SC_CON_12,HARTRA,Harbouria trachypleura
SC_CON_12,LINLEW,Linum lewisii
SC_CON_12,OPUPOL,Opuntia polyacantha
SC_CON_12,CONARV,Convolvulus arvensis
SC_CON_12,ASTFLE,Astragalus flexuosus
SC_CON_12,EVONUT,Evolvulus nuttallianus
SC_CON_13,OPUMAC,Opuntia macrorhiza
SC_CON_13,ARTFRI,Artemesia frigida
SC_CON_13,ERINAU,Ericameria nauseosa
SC_CON_13,GUTSAR,Gutierrezia sarothrae
SC_CON_13,ALYSIM,Alyssum simplex
SC_CON_13,ERIEFF,Eriogonum effusum
SC_CON_13,ELYELY,Elymus elymoides
SC_CON_13,BOUGRA,Bouteloua gracilis
SC_CON_13,BROJAP,Bromus japonicus
SC_CON_13,BROTEC,Bromus tectorum
SC_CON_13,ELYSMI,Elymus smithii
SC_CON_13,LINDAL,Linaria dalmatica
SC_CON_13,PEDTEN,Pediomelum tenuiflorum
SC_CON_13,OPUPOL,Opuntia polyacantha
SC_CON_13,ARTDRA,Artemesia dracunculus
SC_CON_13,ARIPUR,Aristida purpurea
SC_CON_13,PACFEN,Packera fendleri
SC_CON_13,ERIFLA,Erigeron flagellaris
SC_CON_13,EVONUT,Evolvulus nuttallianus
SC_CON_13,TRADUB,Tragopogon dubius
SC_CON_13,VIONUT,Viola nuttallii
SC_CON_13,HETVIL,Heterotheca villosa
SC_CON_13,LIAPUN,Liatris punctata
SC_CON_13,ARTLUD,Artemesia ludoviciana
SC_CON_13,YUCGLA,Yucca glauca
SC_CON_13,ERIALA,Eriogonum alatum
SC_CON_13,SPHCOC,Sphaeralcea coccinea
SC_CON_13,SISALT,Sisymbrium altissimum
SC_CON_13,CONARV,Convolvulus arvensis
SC_CON_13,EROCIC,Erodium cicutarium
SC_CON_13,OENSUF,Oenothera suffrutescens
SC_CON_13,LAPOCC,Lappula occidentalis
SC_CON_13,POACUS,Poa cusickii
SC_CON_14,ANDGER,Andropogon gerardii
SC_CON_14,HESCOM,Hesperostipa comata
SC_CON_14,CHEALB,Chenopodium album
SC_CON_14,ARTLUD,Artemisia ludoviciana
SC_CON_14,PEDTEN,Pediomelum tenuiflorum
SC_CON_14,TRADUB,Tragopogon dubius
SC_CON_14,EROCIC,Erodium cicutarium
SC_CON_14,POMVER,Pombalia verticillata
SC_CON_14,ARIPUR,Aristida purpurea
SC_CON_14,CIRUND,Cirsium undulatum
SC_CON_14,BROTEC,Bromus tectorum
SC_CON_14,OPUMAC,Opuntia macrorhiza
SC_CON_14,YUCGLA,Yucca glauca
SC_CON_14,ARTFRI,Artemisia frigida
SC_CON_14,TRARAM,Tragia ramosa
SC_CON_14,SCOLAC,Scorzonera laciniata
SC_CON_14,OENSUF,Oenothera suffrutescens
SC_CON_14,OPUPOL,Opuntia polyacantha
SC_CON_14,THEMEG,Thelesperma megapotamicum
SC_CON_14,POMVER,Pombalia verticillata
SC_CON_14,CERARV,Cerastium arvense
SC_CON_14,HETVIL,Heterotheca villosa
SC_CON_14,TRAOCC,Tradescantia occidentalis
SC_CON_14,ALLTEX,Allium textile
SC_CON_14,ECHVIR,Echinocereus viridiflorus
SC_CON_14,NOTCUS,Nothocalais cuspidata
SC_CON_14,MIRLIN,Mirabilis linearis
SC_CON_14,ARTDRA,Artemisia dracunculus
SC_CON_14,LINDAL,Linaria dalmatica
SC_CON_14,EUPESU,Euphorbia esula
SC_CON_14,CORAUR,Corydalis aurea
SC_CON_14,ELLNYC,Ellisia nyctelea
SC_CON_14,ERIFLA,Erigeron flagellaris
SC_CON_14,LOMORI,Lomatium orientale
SC_CON_14,AMBPSI,Ambrosia psilostachya
SC_CON_14,MONPEC,Monarda pectinata
SC_CON_15,TRARAM,Tragia ramosa
SC_CON_15,HESCOM,Hesperostipa comata
SC_CON_15,PEDTEN,Pediomelum tenuiflorum
SC_CON_15,EROCIC,Erodium cicutarium
SC_CON_15,HELPUM,Helianthus pumilus
SC_CON_15,ARTFRI,Artemisia frigida
SC_CON_15,HETVIL,Heterotheca villosa
SC_CON_15,THEMEG,Thelesperma megapotamicum
SC_CON_15,ARTLUD,Artemisia ludoviciana
SC_CON_15,ALLTEX,Allium textile
SC_CON_15,OPUPOL,Opuntia polyacantha
SC_CON_15,CHEALB,Chenopodium album
SC_CON_15,TRADUB,Tragopogon dubius
SC_CON_15,SPHCOC,Sphaeralcea coccinea
SC_CON_15,ALYSIM,Alyssum simplex
SC_CON_15,OENSUF,Oenothera suffrutescens
SC_CON_15,MIRLIN,Mirabilis linearis
SC_CON_15,ERIFLA,Erigeron flagellaris
SC_CON_15,CERARV,Cerastium arvense
SC_CON_15,CIRUND,Cirsium undulatum
SC_CON_15,YUCGLA,Yucca glauca
SC_CON_15,VIONUT,Viola nuttallii
SC_CON_15,ANDGER,Andropogon gerardii
SC_CON_15,AMBPSI,Ambrosia psilostachya
SC_CON_15,UNK 09,
SC_CON_15,NOTCUS,Nothocalais cuspidata
SC_CON_15,SILANT,Silene antirrhina
SC_CON_15,BROTEC,Bromus tectorum
SC_CON_15,ECHVIR,Echinocereus viridiflorus
SC_CON_15,EVONUT,Evolvulus nuttallianus
SC_CON_15,LACSER,Lactuca serriola
SC_CON_16,HELPUM,Helianthus pumilus
SC_CON_16,OENSUF,Oenothera suffrutescens
SC_CON_16,YUCGLA,Yucca glauca
SC_CON_16,ALYSIM,Alyssum simplex
SC_CON_16,DESPIN,Descurainia pinnata
SC_CON_16,ALLTEX,Allium textile
SC_CON_16,LINLEW,Linum lewisii
SC_CON_16,KOEMAC,Koeleria macrantha
SC_CON_16,OXYSER,Oxytropis sericea
SC_CON_16,ASTFLE,Astragalus flexuosus
SC_CON_16,ECHVIR,Echinocereus viridiflorus
SC_CON_16,LITMUL,Lithospermum multiflorum
SC_CON_16,CERARV,Cerastium arvense strictum
SC_CON_16,ARTDRA,Artemisia dracunculus
SC_CON_16,VIONUT,Viola nuttallii
SC_CON_16,OPUPOL ,Opuntia polyacantha
SC_CON_16,ARTFRI,Artemisia frigida
SC_CON_16,PENSEC,Penstemon secundiflorus
SC_CON_16,ARTLUD,Artemisia ludoviciana
SC_CON_16,PHYMON,Physaria montana
SC_CON_16,HARTRA,Harbouria trachypleura
SC_CON_16,CAMMIC,Camelina microcarpa
SC_CON_16,POAPRA,Poa pratense
SC_CON_16,TRADUB,Tragopogon dubius
SC_CON_16,ERIEFF,Eriogonum effusum
SC_CON_16,FALCON,Fallopoa convolvulus
SC_CON_17,YUCGLA,Yucca glauca
SC_CON_17,ARTDRA,Artemisia dracunculus
SC_CON_17,ARTLUD,Artemisia ludoviciana
SC_CON_17,HESCOM,Hesperostipa comata
SC_CON_17,ANDGER,Andropogon gerardii
SC_CON_17,EUPESU,Euphorbia esula
SC_CON_17,ALYSIM,Alyssum simplex
SC_CON_17,OENSUF,Oenothera suffrutescens
SC_CON_17,ARTFRI,Artemisia frigida
SC_CON_17,CHEALB,Chenopodium album
SC_CON_17,TRADUB,Tragopogon dubius
SC_CON_17,SPHCOC,Sphaeralcea coccinea
SC_CON_17,TRAOCC,Tradescantia occidentalis
SC_CON_17,ELYSMI,Elymus smithii
SC_CON_17,OPUMAC,Opuntia macrorhiza
SC_CON_17,TRARAM,Tragia ramosa
SC_CON_17,PEDTEN,Pediomelum tenuiflorum
SC_CON_17,CAREX SP.,Carex sp.
SC_CON_17,LINLEW,Linum lewisii
SC_CON_17,RHUTRI,Rhus trilobata
SC_CON_17,GAIARI,Gaillardia aristata
SC_CON_17,OPUPOL ,Opuntia polyacantha
SC_CON_17,CORAUR,Corydalis aurea
SC_CON_17,LACSER,Lactuca serriola
SC_CON_17,BROTEC,Bromus tectorum
SC_CON_17,OXADIL,Oxalis dillenii
SC_CON_17,SISALT,Sisymbrium altissimum
SC_CON_17,ASTFLE,Astragalus flexuosus
SC_CON_17,GALAPA,Galium aparine
SC_CON_17,DESPIN,Descurainia pinnata
SC_CON_18,CERMON,Cercocarpus montanus
SC_CON_18,PINPON,Pinus ponderosa
SC_CON_18,BOUGRA,Bouteloua gracilis
SC_CON_18,HESCOM,Hesperostipa comata
SC_CON_18,OPUPOL,Opuntia polyacantha
SC_CON_18,TRADUB,Tragopogon dubius
SC_CON_18,ANDGER,Andropogon gerardii
SC_CON_18,TRARAM,Tragia ramosa
SC_CON_18,ERIFLA,Erigeron flagellaris
SC_CON_18,ALLTEX,Allium textile
SC_CON_18,CORAUR,Corydalis aurea
SC_CON_18,TRAOCC,Tradescantia occidentalis
SC_CON_18,NOTCUS,Nothocalais cuspidata
SC_CON_18,EUPESU,Euphorbia esula
SC_CON_18,TOXPAN,Toxicoscordion paniculatum
SC_CON_18,LINLEW,Linum lewisii
SC_CON_18,ARTLUD,Artemisia ludoviciana
SC_CON_18,GALAPA,Galium aparine
SC_CON_18,OXADIL,Oxalis dillenii
SC_CON_18,EVONUT,Evolvulus nuttallianus
SC_CON_18,ARTFRI,Artemisia frigida
SC_CON_18,ARIPUR,Aristida purpurea
SC_CON_18,DELCAR,Delphinium carolinianum
SC_CON_18,EROCIC,Erodium cicutarium
SC_CON_18,PHECON,Phemeranthus confertiflorus
SC_CON_18,ASTFLE,Astragalus flexuosus
SC_CON_18,CHEALB,Chenopodium album
SC_FRL1_01,ALYSIM,Alyssum simplex
SC_FRL1_01,ARTLUD,Artemesia ludoviciana
SC_FRL1_01,YUCGLA,Yucca glauca
SC_FRL1_01,TAROFF,Taraxacum officinale
SC_FRL1_01,TRADUB,Tragopogon dubius
SC_FRL1_01,HELPUM,Helianthus pumilus
SC_FRL1_01,TRAOCC,Tradescantia occidentalis
SC_FRL1_01,CAREX sp.,Carex sp.
SC_FRL1_01,EROCIC,Erodium cicutarium
SC_FRL1_01,ECHVIR,Echinocereus viridiflorus
SC_FRL1_01,ALLTEX,Allium textile
SC_FRL1_01,OPUMAC,Opuntia macrorhiza
SC_FRL1_01,OPUPOL,Opuntia polyacantha
SC_FRL1_01,CIRUND,Cirsium undulatum
SC_FRL1_01,LINDAL,Linaria dalmatica
SC_FRL1_01,LAPOCC,Lappula occidentalis
SC_FRL1_01,CHEALB,Chenopodium album
SC_FRL1_01,CERARV,Cerastium arvense strictum
SC_FRL1_01,OENSUF,Oenothera suffrutescens
SC_FRL1_01,ELLNYC,Ellisia nyctelea
SC_FRL1_01,LINLEW,Linum lewisii
SC_FRL1_01,SISALT,Sisymbrium altissimum
SC_FRL1_01,HUEPAR,Heuchera parvifolia
SC_FRL1_01,DESPIN,Descurainia pinnata
SC_FRL1_01,HARTRA,Harbouria trachypleura
SC_FRL1_01,ARGPOL,Argemone polyanthemos
SC_FRL1_01,GALAPA,Galium aparine
SC_FRL1_01,ERIEFF,Eriogonum effusum
SC_FRL1_01,POACOM,Poa compressa
SC_FRL1_01,KOEMAC,Koeleria macrantha
SC_FRL1_01,BROTEC,Bromus tectorum
SC_FRL1_01,ELYSMI,Elymus smithii
SC_FRL1_01,HESCOM,Hesperostipa comata
SC_FRL1_01,ANDGER,Andropogon gerardii
SC_FRL1_01,CONARV,Convolvulus arvensis
SC_FRL1_01,ASTDRU,Astragalus drummondii
SC_FRL1_01,ARTDRA ,Artemesia dracunculus
SC_FRL1_02,CIRUND,Cirsium undulatum
SC_FRL1_02,LINDAL,Linaria dalmatica
SC_FRL1_02,ELYSMI,Elymus smithii
SC_FRL1_02,CHEALB,Chenopodium album
SC_FRL1_02,ALLTEX,Allium textile
SC_FRL1_02,ARTLUD,Artemesia ludoviciana
SC_FRL1_02,TOXPAN,Toxicoscordion paniculatum
SC_FRL1_02,TRADUB,Tragopogon dubius
SC_FRL1_02,OPUPOL,Opuntia polyacantha
SC_FRL1_02,CAREX sp.,Carex sp.
SC_FRL1_02,EUPESU,Euphorbia esula
SC_FRL1_02,LINLEW,Linum lewisii
SC_FRL1_02,HELPUM,Helianthus pumilus
SC_FRL1_02,ALYSIM,Alyssum simplex
SC_FRL1_02,SISALT,Sisymbrium altissimum
SC_FRL1_02,DESPIN,Descurainia pinnata
SC_FRL1_02,OENSUF,Oenothera suffrutescens
SC_FRL1_02,BROTEC,Bromus tectorum
SC_FRL1_02,PEDTEN,Pediomelum tenuiflorum
SC_FRL1_02,LAPOCC,Lappula occidentalis
SC_FRL1_02,BOUGRA,Bouteloua gracilis
SC_FRL1_02,KOEMAC,Koeleria macrantha
SC_FRL1_02,ERIFLA,Erigeron flagellaris
SC_FRL1_02,CAMMIC,Camelina microcarpa
SC_FRL1_02,ANDGER,Andropogon gerardii
SC_FRL1_02,VIONUT,Viola nuttallii
SC_FRL1_02,ARTFRI,Artemesia frigida
SC_FRL1_02,GAIARI,Gaillardia aristata
SC_FRL1_02,LIAPUN,Liatris punctata
SC_FRL1_02,NOTCUS,Nothocalais cuspidata
SC_FRL1_02,LITMUL,Lithospermum multiflorum
SC_FRL1_02,MERLAN,Mertensia lanceolata
SC_FRL1_02,ECHVIR,Echinocereus viridiflorus
SC_FRL1_02,ASTFLE,Astragalus flexuosus
SC_FRL1_02,LOMORI,Lomatium orientale
SC_FRL1_03,CHEALB,Chenopodium album
SC_FRL1_03,EROCIC,Erodium cicutarium
SC_FRL1_03,CORAUR,Corydalis aurea
SC_FRL1_03,HESCOM,Hesperostipa comata
SC_FRL1_03,VIONUT,Viola nuttallii
SC_FRL1_03,TRARAM,Tragia ramosa
SC_FRL1_03,CERMON,Cercocarpus montanus
SC_FRL1_03,BOUGRA,Bouteloua gracilis
SC_FRL1_03,EUPESU,Euphorbia esula
SC_FRL1_03,OPUPOL,Opuntia polyacantha
SC_FRL1_03,LAPOCC,Lappula occidentalis
SC_FRL1_03,SCUBRI,Scutellaria brittonii
SC_FRL1_03,HEUPAR,Heuchera parviflora
SC_FRL1_03,HELPUM,Helianthus pumilus
SC_FRL1_03,ANDGER,Andropogon gerardii
SC_FRL1_03,TRAOCC,Tradescantia occidentalis
SC_FRL1_03,OPUMAC,Opuntia macrorhiza
SC_FRL1_03,TRADUB,Tragopogon dubius
SC_FRL1_03,SILANT,Silene antirrhina
SC_FRL1_03,ALLTEX,Allium textile
SC_FRL1_03,ARTLUD,Artemesia ludoviciana
SC_FRL1_03,ARIPUR,Aristida purpurea
SC_FRL2_01,ALYSIM,
SC_FRL2_01,KOEMAC,
SC_FRL2_01,ARTLUD,
SC_FRL2_01,PEDTEN,
SC_FRL2_01,OPUMAC,
SC_FRL2_01,CREOCC,
SC_FRL2_01,PACFEN,
SC_FRL2_01,BROTEC,
SC_FRL2_01,ARTDRA,
SC_FRL2_01,LINLEW,
SC_FRL2_01,BROINE,
SC_FRL2_01,TRADUB,
SC_FRL2_01,RHUTRI,
SC_FRL2_01,HESCOM,
SC_FRL2_01,PARPEN,
SC_FRL2_01,CAREX SP.,
SC_FRL2_01,POAPRA,
SC_FRL2_01,LOMORI,
SC_FRL2_01,OPUPOL,
SC_FRL2_01,ALLTEX,
SC_FRL2_01,ELLNYC,
SC_FRL2_01,CHEALB,
SC_FRL2_01,DESPIN,
SC_FRL2_01,MARVUL,
SC_FRL2_01,HELPUM,
SC_FRL2_01,EUPESU,
SC_FRL2_01,TAROFF,
SC_FRL2_01,MERLAN,
SC_FRL2_01,CHEINC,
SC_FRL2_01,ARTFRI,
SC_FRL2_01,LINPRA,
SC_FRL2_01,DESSOP,
SC_FRL2_01,RATCOL,
SC_FRL2_02,ALYSIM,Alyssum simplex
SC_FRL2_02,KOEMAC,Koeleria macrantha
SC_FRL2_02,ARTLUD,Artemesia ludoviciana
SC_FRL2_02,PEDTEN,Pediomelum tenuiflorum
SC_FRL2_02,OPUMAC,Opuntia macrorhiza
SC_FRL2_02,CREOCC,Crepis occidentalis
SC_FRL2_02,PACFEN,Packera fendleri
SC_FRL2_02,BROTEC,Bromus tectorum
SC_FRL2_02,ARTDRA,Artemesia dracunculus
SC_FRL2_02,LINLEW,Linum lewisii
SC_FRL2_02,BROINE,Bromus inermis
SC_FRL2_02,TRADUB,Tragopogon dubius
SC_FRL2_02,RHUTRI,Rhus trilobata
SC_FRL2_02,HESCOM,Hesperostipa comata
SC_FRL2_02,PARPEN,Parietaria pensylvanica
SC_FRL2_02,ARTLUD,Artemesia ludoviciana
SC_FRL2_02,CAREX SP.,Carex sp.
SC_FRL2_02,POAPRA,Poa pratensis
SC_FRL2_02,LOMORI,Lomatium orientale
SC_FRL2_02,OPUPOL,Opuntia polyacantha
SC_FRL2_02,ALLTEX,Allium textile
SC_FRL2_02,ELLNYC,Ellisia nyctelea
SC_FRL2_02,CHEALB,Chenopodium album
SC_FRL2_02,DESPIN,Descurainia pinnata
SC_FRL2_02,MARVUL,Marrubium vulgare
SC_FRL2_02,HELPUM,Helianthus pumilus
SC_FRL2_02,EUPESU,Euphorbia esula
SC_FRL2_02,TAROFF,Taraxacum officinale
SC_FRL2_02,MERLAN,Mertensia lanceolata
SC_FRL2_02,CHEINC,Chenopodium incanum
SC_FRL2_02,ARTFRI,Artemesia frigida
SC_FRL2_02,LINPRA,Linum pratense
SC_FRL2_02,DESSOP,Descurainia sophia
SC_FRL2_02,RATCOL,Ratibida columnifera
SC_FRL2_02,SPHCOC,Sphaeralcea coccinea
SC_FRL2_02,TRADUB,Tragopogon dubius
SC_FRL2_02,HELPUM,Helianthus pumilus
SC_FRL2_02,BROTEC,Bromus tectorum
SC_FRL2_02,HESCOM,Hesperostipa comata
SC_FRL2_02,BOUGRA,Bouteloua gracilis
SC_FRL2_02,ARIPUR,Aristida purpurea
SC_FRL2_02,ALYSIM,Alyssum simplex
SC_FRL2_02,ELYELY,Elymus elymoides
SC_FRL2_02,VIONUT,Viola nuttallii
SC_FRL2_02,TAROFF,Taraxacum officinale
SC_FRL2_02,CIRSIUM SP.,
SC_FRL2_02,RHUARO,Rhus aromatica
SC_FRL2_02,CHEALB,Chenopodium album
SC_FRL2_02,LUPPUS,Lupinus pusillus
SC_FRL2_02,FALCON,Fallopia convolvulus
SC_FRL2_02,PLAPAT,Plantago patagonica
SC_FRL2_02,ERIEFF,Erigeron flagellaris
SC_FRL2_02,MIRLIN,Mirabilis linearis
SC_FRL2_02,LINDAL,Linaria dalmatica
SC_FRL2_02,EUPESU,Euphorbia esula
SC_FRL2_02,ARTLUD,Artemisia ludoviciana
SC_FRL2_02,DESPIN,Descurainia pinnata
SC_FRL2_02,ERIFLA,Erigeron flagellaris
SC_FRL2_02,YUCGLA,Yucca glauca
SC_FRL2_02,OENSUF,Oenothera suffrutescens
SC_FRL2_02,NOTCUS,Nothocalais cuspidata
SC_FRL2_02,TRAOCC,Tradescantia occidentalis
SC_FRL2_02,UNK 04,
SC_FRL2_03,LINDAL,Linaria dalmatica
SC_FRL2_03,HELPUM,Helianthus pumilus
SC_FRL2_03,LINLEW,Linum lewisii
SC_FRL2_03,UNK 04,
SC_FRL2_03,ALYSIM,Alyssum simplex
SC_FRL2_03,OENSUF,Oenothera suffrutescens
SC_FRL2_03,SPHCOC,Sphaeralcea coccinea
SC_FRL2_03,DESPIN,Descurainia pinnata
SC_FRL2_03,CHEINC,Chenopodium incanum
SC_FRL2_03,CHEALB,Chenopodium album
SC_FRL2_03,YUCGLA,Yucca glauca
SC_FRL2_03,MERLAN,Mertensia lanceolata
SC_FRL2_03,HARTRA,Harbouria trachypleura
SC_FRL2_03,SISALT,Sisymbrium altissimum
SC_FRL2_03,CIRUND,Cirsium undulatum
SC_FRL2_03,PACFEN,Packera fendleri
SC_FRL2_03,PEDTEN,Pediomelum tenuiflorum
SC_FRL2_03,OPUPOL,Opuntia polyacantha
SC_FRL2_03,EROCIC,Erodium cicutarium
SC_FRL2_03,ARTLUD,Artemisia ludoviciana
SC_FRL2_03,CIRSIUM SP.,
SC_FRL2_03,ERIFLA,Erigeron flagellaris
SC_FRL2_03,TRADUB,Tragopogon dubius
SC_FRL2_03,NOTCUS,Nothocalais cuspidata
SC_FRL2_03,TAROFF,Taraxacum officinale
SC_FRL2_03,BROTEC,Bromus tectorum
SC_FRL2_03,ANDGER,Andropogon gerardii
SC_FRL2_03,HESCOM,Hesperostipa comata
SC_FRL2_03,ELYELY,Elymus elymoides
SC_FRL2_03,ERIEFF,Eriogonum effusum
SC_FRL2_03,RHUTRI,Rhus trilobata
SC_FRL2_03,VIONUT,Viola nuttallii
SC_FRL2_03,TRAOCC,Tradescantia occidentalis
SC_FRL3_01,ALYSIM,Alyssum simplex
SC_FRL3_01,YUCGLA,Yucca glauca
SC_FRL3_01,LINDAL,Linaria dalmatica
SC_FRL3_01,AMBPSI,Ambrosia psilostachya
SC_FRL3_01,TRADUB,Tragopogon dubius
SC_FRL3_01,CERARV,Cerastium arvense strictum
SC_FRL3_01,OENSUF,Oenothera suffrutescens
SC_FRL3_01,MIRLIN,Mirabilis linearis
SC_FRL3_01,KOEMAC,Koeleria macrantha
SC_FRL3_01,LINLEW,Linum lewisii
SC_FRL3_01,CIRUND,Cirsium undulatum
SC_FRL3_01,HETVIL,Heterotheca villosa
SC_FRL3_01,CHEALB,Chenopodium album
SC_FRL3_01,BOUGRA,Bouteloua gracilis
SC_FRL3_01,DESPIN,Descurainia pinnata
SC_FRL3_01,ELYELY,Elymus elymoides
SC_FRL3_01,HELANN,Helianthus annuus
SC_FRL3_01,OPUPOL,Opuntia polyacantha
SC_FRL3_01,TRAOCC,Tradescantia occidentalis
SC_FRL3_01,ARTDRA,Artemesia dracunculus
SC_FRL3_01,BROTEC,Bromus tectorum
SC_FRL3_01,ANDGER,Andropogon gerardii
SC_FRL3_01,DESPIN,Descurainia pinnata
SC_FRL3_01,SCUBRI,Scutellaria brittonii
SC_FRL3_01,PHYMON,Physaria montana
SC_FRL3_01,RHUTRI,Rhus trilobata
SC_FRL3_01,ASTSHO,Astragalus shortianus
SC_FRL3_01,ALLTEX,Allium textile
SC_FRL3_01,POACOM,Poa compressa
SC_FRL3_02,ASTDRU,Astragalus drummondii
SC_FRL3_02,HESCOM,Hesperostipa comata
SC_FRL3_02,ELYSMI,Elymus smithii
SC_FRL3_02,BROTEC,Bromus tectorum
SC_FRL3_02,PEDTEN,Pediomelum tenuiflorum
SC_FRL3_02,TRADUB,Tragopogon dubius
SC_FRL3_02,CHEALB,Chenopodium album
SC_FRL3_02,SPHCOC,Sphaeralcea coccinea
SC_FRL3_02,EROCIC,Erodium cicutarium
SC_FRL3_02,OPUMAC,Opuntia macrorhiza
SC_FRL3_02,ALYSIM,Alyssum simplex
SC_FRL3_02,HETVIL,Heterotheca villosa
SC_FRL3_02,CERARV,Cerastium arvense
SC_FRL3_02,LINLEW,Linum lewisii
SC_FRL3_02,NOTCUS,Nothocalais cuspidata
SC_FRL3_02,LIAPUN,Liatris punctata
SC_FRL3_02,ARTLUD,Artemesia ludoviciana
SC_FRL3_02,THEMEG,Thelesperma megapotamicum
SC_FRL3_02,ALLTEX,Allium textile
SC_FRL3_02,YUCGLA,Yucca glauca
SC_FRL3_02,VIONUT,Viola nuttallii
SC_FRL3_02,POMVER,Pombalia verticillata
SC_FRL3_02,PACFEN,Packera fendleri
SC_FRL3_02,ERIEFF,Eriogonum effusum
SC_FRL3_02,LINDAL,Linaria dalmatica
SC_FRL3_02,TAROFF,Taraxacum officinale
SC_FRL3_02,TRARAM,Tragia ramosa
SC_FRL3_02,CIRUND,Cirsium undulatum
SC_FRL3_02,LAPOCC,Lappula occidentalis
SC_FRL3_02,ARTDRA,Artemesia dracunculus
SC_FRL3_02,BOUGRA,Bouteloua gracilis
SC_FRL3_02,ARIPUR,Aristida purpurea
SC_FRL3_03,ELYSMI,Elymus smithii
SC_FRL3_03,HESCOM,Hesperostipa comata
SC_FRL3_03,ARIPUR,Aristida purpurea
SC_FRL3_03,BOUGRA,Bouteloua gracilis
SC_FRL3_03,BROTEC,Bromus tectorum
SC_FRL3_03,THEMEG,Thelesperma megapotamicum
SC_FRL3_03,SPHCOC,Sphaeralcea coccinea
SC_FRL3_03,HETVIL,Heterotheca villosa
SC_FRL3_03,CHEALB,Chenopodium album
SC_FRL3_03,ARTFRI,Artemesia frigida
SC_FRL3_03,NOTCUS,Nothocalais cuspidata
SC_FRL3_03,PEDTEN,Pediomelum tenuiflorum
SC_FRL3_03,OENSUF,Oenothera suffrutescens
SC_FRL3_03,CIRUND,Cirsium undulatum
SC_FRL3_03,UNK 11,
SC_FRL3_03,ANDGER,Andropogon gerardii
SC_FRL3_03,ELYELY,Elymus elymoides
SC_FRL3_03,ARTLUD,Artemesia ludoviciana
SC_FRL3_03,GAIARI,Gaillardia aristata
SC_FRL3_03,TRADUB,Tragopogon dubius
SC_FRL3_03,LIAPUN,Liatris punctata
SC_FRL3_03,OENHOW,Oenothera howardii
SC_FRL3_03,OPUPOL,Opuntia polyacantha
SC_FRL3_03,CONARV,Convolvulus arvensis
SC_FRL3_03,EROCIC,Erodium cicutarium
SC_FRL3_03,ARTDRA,Artemesia dracunculus
SC_FRL3_03,LINLEW,Linum lewisii
SC_FRL4_01,ARTLUD,Artemesia ludoviciana
SC_FRL4_01,ANDGER,Andropogon gerardii
SC_FRL4_01,CHEALB,Chenopodium album
SC_FRL4_01,CIRUND,Cirsium undulatum
SC_FRL4_01,OPUMAC,Opuntia macrorhiza
SC_FRL4_01,ASCVIR,Asclepias viridiflora
SC_FRL4_01,PEDTEN,Pediomelum tenuiflorum
SC_FRL4_01,TRARAM,Tragia ramosa
SC_FRL4_01,HESCOM,Hesperostipa comata
SC_FRL4_01,OENSUF,Oenothera suffrutescens
SC_FRL4_01,CAREX SP.,Carex sp.
SC_FRL4_01,ELLNYC,Ellisia nyctelea
SC_FRL4_01,HETVIL,Heterotheca villosa
SC_FRL4_01,ARTFRI,Artemesia frigida
SC_FRL4_01,YUCGLA,Yucca glauca
SC_FRL4_01,VIONUT,Viola nuttallii
SC_FRL4_01,OPUPOL,Opuntia polyacantha
SC_FRL4_01,PHYHED,Physalis hederifolia
SC_FRL4_01,MIRLIN,Mirabilis linearis
SC_FRL4_01,TRAOCC,Tradescantia occidentalis
SC_FRL4_01,ARGPOL,Argemone polyanthemos
SC_FRL4_01,CEAHER,Ceanothus herbaceus
SC_FRL4_01,GALAPA,Gallium aparine
SC_FRL4_01,EUPDAV,Euphorbia davidii
SC_FRL4_01,ERIFLA,Erigeron flagellaris
SC_FRL4_01,HELANN,Helianthus annuus
SC_FRL4_01,TOXRYD,Toxicodendron rydbergii
SC_FRL4_01,THEMEG,Thelesperma megapotamicum
SC_FRL4_01,CERARV,Cerastium arvense strictum
SC_FRL4_01,TRADUB,Tragopogon dubius
SC_FRL4_01,CONARV,Convolvulus arvensis
SC_FRL4_02,CELOCC,Celtis occidentalis
SC_FRL4_02,MIRLIN,Mirabilis linearis
SC_FRL4_02,ANDGER,Andropogon gerardii
SC_FRL4_02,VIONUT,Viola nuttallii
SC_FRL4_02,TRARAM,Tragia ramosa
SC_FRL4_02,CORAUR,Corydalis aurea
SC_FRL4_02,HELPUM,Helianthus pumilus
SC_FRL4_02,HETVIL,Heterotheca villosa
SC_FRL4_02,BROINE,Bromus inermis
SC_FRL4_02,CHEALB,Chenopodium album
SC_FRL4_02,HESCOM,Hesperostipa comata
SC_FRL4_02,OPUPOL,Opuntia polyacantha
SC_FRL4_02,CERMON,Cercocarpus montanus
SC_FRL4_02,ARTLUD,Artemesia ludoviciana
SC_FRL4_02,TRAOCC,Tradescantia occidentalis
SC_FRL4_02,EROCIC,Erodium cicutarium
SC_FRL4_02,ARGPOL,Argemone polyanthemos
SC_FRL4_02,DESPIN,Descurainia pinnata
SC_FRL4_02,EUPESU,Euphorbia esula
SC_FRL4_02,ALLTEX,Allium textile
SC_FRL4_02,PEDTEN,Pediomelum tenuiflorum
SC_FRL4_02,YUCGLA,Yucca glauca
SC_FRL4_02,AMBPSI,Ambrosia psilostachya
SC_FRL4_02,LIAPUN,Liatris punctata
SC_FRL4_02,QUILOB,Quincula lobata
SC_FRL4_03,HELANN,Helianthus annuus
SC_FRL4_03,ERIFLA,Erigeron flagellaris
SC_FRL4_03,ARTLUD,Artemesia ludoviciana
SC_FRL4_03,CHEALB,Chenopodium album
SC_FRL4_03,DRYFIS,Drymocallis fissa
SC_FRL4_03,ARTDRA,Artemisia ludoviciana
SC_FRL4_03,ELYSMI,Elymus smithii
SC_FRL4_03,ANDGER,Andropogon gerardii
SC_FRL4_03,OPUPOL,Opuntia polyacantha
SC_FRL4_03,BOUGRA,Bouteloua gracilis
SC_FRL4_03,CERMON,Cercocarpus montanus
SC_FRL4_03,QUILOB,Quincula lobata
SC_FRL4_03,TRARAM,Tragia ramosa
SC_FRL4_03,TRADUB,Tragopogon dubius
SC_FRL4_03,ARTFRI,Artemesia frigida
SC_FRL4_03,ARIPUR,Aristida purpurea
SC_FRL4_03,NOTCUS,Nothocalais cuspidata
SC_FRL4_03,LIAPUN,Liatris punctata
SC_FRL4_03,ROSARK,Rosa arkansana
SC_FRL4_03,DALPUR,Dalea purpurea
SC_FRL4_03,RHUTRI,Rhus trilobata
SC_FRL4_03,TAROFF,Taraxacum officinale
SC_FRL4_03,HARTRA,Harbouria trachypleura
SC_FRL4_03,CONARV,Convolvulus arvensis
SC_FRL4_03,LOMORI,Lomatium orientale
SC_FRL4_03,HELANN,Helianthus annuus
SC_FRL4_03,VIONUT,Viola nuttallii
SC_FRL4_03,LAPOCC,Lapula occidentalis
SC_FRL4_03,ALLTEX,Allium textile
SC_FRL4_03,KOEMAC,Koeleria macrantha
SC_FRL5_01,CERMON,Cercocarpus montanus
SC_FRL5_01,CHEALB,Chenopodium album
SC_FRL5_01,HESCOM,Hesperostipa comata
SC_FRL5_01,BROTEC,Bromus tectorum
SC_FRL5_01,OPUPOL,Opuntia polyacantha
SC_FRL5_01,VIONUT,Viola nuttallii
SC_FRL5_01,EROCIC,Erodium cicutarium
SC_FRL5_01,NOTCUS,Nothocalais cuspidata
SC_FRL5_01,EROCAE,Erodium caespitosum
SC_FRL5_01,TRARAM,Tragia ramosa
SC_FRL5_01,EUPESU,Euphorbia esula
SC_FRL5_01,CORAUR,Corydalis aurea
SC_FRL5_01,BOUGRA,Bouteloua gracilis
SC_FRL5_01,TRAOCC,Tradescantia occidentalis
SC_FRL5_01,TRADUB,Tragopogon dubius
SC_FRL5_01,OPUMAC,Opuntia macrorhiza
SC_FRL5_01,ANDGER,Andropogon gerardii
SC_FRL5_01,YUCGLA,Yucca glauca
SC_FRL5_01,ALLTEX,Allium textile
SC_FRL5_01,HEUPAR,Heuchera parvifolia
SC_FRL5_01,ARIPUR,Aristida purpurea
SC_FRL5_02,HETVIL,Heterotheca villosa
SC_FRL5_02,YUCGLA,Yucca glauca
SC_FRL5_02,ANDGER,Andropogon gerardii
SC_FRL5_02,ERIFLA,Erigeron flagellaris
SC_FRL5_02,CIRUND,Cirsium undulatum
SC_FRL5_02,HESCOM,Hesperostipa comata
SC_FRL5_02,ARTLUD,Artemisia ludoviciana
SC_FRL5_02,EROCIC,Erodium cicutarium
SC_FRL5_02,HELPUM,Helianthus pumilus
SC_FRL5_02,HELANN,Helianthus annuus
SC_FRL5_02,AMBPSI,Ambrosia psilostachya
SC_FRL5_02,BOUGRA,Bouteloua gracilis
SC_FRL5_02,ROSARK,Rosa arkansana
SC_FRL5_02,ARIPUR,Aristida purpurea
SC_FRL5_02,OENSUF,Oenothera suffrutescens
SC_FRL5_02,ARGPOL,Argemone polyanthemos
SC_FRL5_02,OPUPOL,Opuntia polyacantha
SC_FRL5_02,ARTFRI,Artemisia frigida
SC_FRL5_02,TRADUB,Tragopogon dubius
SC_FRL5_02,POMVER,Pombalia verticillata
SC_FRL5_02,RATCOL,Ratibida columnifera
SC_FRL5_02,CHEALB,Chenopodium album
SC_FRL5_02,CHEINC,Chenopodium incanum
SC_FRL5_02,SPHCOC,Sphaeralcea coccinea
SC_FRL5_02,SYMERI,Symphyotrichum ericoides
SC_FRL5_02,ECHVIR,Echinocereus viridiflorus
SC_FRL5_02,TRARAM,Tragia ramosa
SC_FRL5_02,ELYSMI,Elymus smithii
SC_FRL5_02,TRAOCC,Tradescantia occidentalis
SC_FRL5_02,CORAUR,Corydalis aurea
SC_FRL5_02,LAPOCC,Lappula occidentalis
SC_FRL5_03,ANDGER,Andropogon gerardii
SC_FRL5_03,CHEALB,Chenopodium album
SC_FRL5_03,SPHCOC,Sphaeralcea coccinea
SC_FRL5_03,TRADUB,Tragopogon dubius
SC_FRL5_03,ARTLUD,Artemisia ludoviciana
SC_FRL5_03,HESCOM,Hesperostipa comata
SC_FRL5_03,HELPUM,Helianthus pumilus
SC_FRL5_03,EROCIC,Erodium cicutarium
SC_FRL5_03,SOLNIT,Solanum nitidibaccatum
SC_FRL5_03,OPUMAC,Opuntia macrorhiza
SC_FRL5_03,TRARAM,Tragia ramosa
SC_FRL5_03,OENSUF,Oenothera suffrutescens
SC_FRL5_03,CONARV,Convolvulus arvensis
SC_FRL5_03,ARIPUR,Aristida purpurea
SC_FRL5_03,OPUPOL,Opuntia polyacantha
SC_FRL5_03,PEDTEN,Pediomelum tenuiflorum
SC_FRL5_03,EUPESU,Euphorbia esula
SC_FRL5_03,BROTEC,Bromus tectorum
SC_FRL5_03,ARTFRI,Artemisia frigida
SC_FRL5_03,TRAOCC,Tradescantia occidentalis
SC_FRL5_03,BOUCUR,Bouteloua curtipendula
SC_FRL5_03,GALAPA,Galium aparine
SC_FRL5_03,ELYSMI,Elymus smithii
SC_FRL5_03,LINDAL,Linaria dalmatica
SC_FRL5_03,HETVIL,Heterotheca villosa
SC_FRL5_03,OXYSER,Oxytropis sericea
SC_FRL5_03,SYMERI,Symphyotrichum ericoides
SC_FRL5_03,LACSER,Lactuca serriola
SC_FRL5_03,BOUGRA,Bouteloua gracilis
SC_FRL5_03,NUTTEX,Nuttallanthus texanus
SC_FRL6_01,EROCIC,Erodium cicutarium
SC_FRL6_01,CHEALB,Chenopodium album
SC_FRL6_01,HESCOM,Hesperostipa comata
SC_FRL6_01,VIONUT,Viola nuttallii
SC_FRL6_01,ESCMIS,Escobaria missouriensis
SC_FRL6_01,TRARAM,Tragia ramosa
SC_FRL6_01,HARTRA,Harbouria trachypleura
SC_FRL6_01,CERMON,Cercocarpus montanus
SC_FRL6_01,NOTCUS,Nothocalais cuspidata
SC_FRL6_01,CORAUR,Corydalis aurea
SC_FRL6_01,ARTFRI,Artemisia frigida
SC_FRL6_01,EUPESU,Euphorbia esula
SC_FRL6_01,SCUBRI,Scutellaria brittonii
SC_FRL6_01,LAPOCC,Lappula occidentalis
SC_FRL6_01,ARTLUD,Artemisia ludoviciana
SC_FRL6_01,OPUPOL,Opuntia polyacantha
SC_FRL6_01,OPUMAC,Opuntia macrorhiza
SC_FRL6_01,ALLTEX,Allium textile
SC_FRL6_01,TRADUB,Tragopogon dubius
SC_FRL6_01,SPHCOC,Sphaeralcea coccinea
SC_FRL6_01,HELPUM,Helianthus pumilus
SC_FRL6_01,QUILOB,Quincula lobata
SC_FRL6_01,BROTEC,Bromus tectorum
SC_FRL6_01,ALYSIM,Alyssum simplex
SC_FRL6_01,ARIPUR,Aristida purpurea
SC_FRL6_02,CERMON,Cercocarpus montanus
SC_FRL6_02,HESCOM,Hesperostipa comata
SC_FRL6_02,BROTEC,Bromus tectorum
SC_FRL6_02,ARIPUR,Aristida purpurea
SC_FRL6_02,ARTLUD,Artemisia ludoviciana
SC_FRL6_02,ALLTEX,Allium textile
SC_FRL6_02,CORAUR,Corydalis aurea
SC_FRL6_02,TRARAM,Tragia ramosa
SC_FRL6_02,ELYSMI,Elymus smithii
SC_FRL6_02,TRAOCC,Tradescantia occidentalis
SC_FRL6_02,PENVIR,Penstemon virens
SC_FRL6_02,ALYSIM,Alyssum simplex
SC_FRL6_02,EROCIC,Erodium cicutarium
SC_FRL6_02,HEUPAR,Heuchera parvifolia
SC_FRL6_02,EUPESU,Euphorbia esula
SC_FRL6_02,OPUPOL,Opuntia polyacantha
SC_FRL6_02,MIRLIN,Mirabilis linearis
SC_FRL6_02,GALAPA,Galium aparine
SC_FRL6_02,CHEALB,Chenopodium album
SC_FRL6_02,TRADUB,Tragopogon dubius
SC_FRL6_02,DRYFIS,Drymocallis fissa
SC_FRL6_02,VIONUT,Viola nuttallii
SC_FRL6_02,EUPHORBIA SP.,Euphorbia sp.
SC_FRL6_02,OPUMAC,Opuntia macrorhiza
SC_FRL6_02,PACFEN,Packera fendleri
SC_FRL6_02,BOESTR,Boechera stricta
SC_FRL6_02,ESCMIS,Escobaria missouriensis
SC_FRL6_02,NUTTEX,Nuttallanthus texanus
SC_FRL6_02,YUCGLA,Yucca glauca
SC_FRL6_02,OXADIL,Oxalis dillenii
SC_FRL6_03,BROTEC,Bromus tectorum
SC_FRL6_03,CHEALB,Chenopodium album
SC_FRL6_03,ALYSIM,Alyssum simplex
SC_FRL6_03,CAREX SP.,Carex sp.
SC_FRL6_03,SISALT,Sisymbrium altissimum
SC_FRL6_03,DESPIN,Descurainia pinnata
SC_FRL6_03,CAMMIC,Camelina microcarpa
SC_FRL6_03,CORAUR,Corydalis aurea
SC_FRL6_03,YUCGLA,Yucca glauca
SC_FRL6_03,OENSUF,Oenothera suffrutescens
SC_FRL6_03,ARTLUD,Artemisia ludoviciana
SC_FRL6_03,EROCIC,Erodium cicutarium
SC_FRL6_03,LINDAL,Linaria dalmatica
SC_FRL6_03,TRADUB,Tragopogon dubius
SC_FRL6_03,GALAPA,Galium aparine
SC_FRL6_03,ELYSMI,Elymus smithii
SC_FRL6_03,TRAOCC,Tradescantia occidentalis
UC01,GALTRI,Galium trilobata
UC01,LIGPOR,Ligusticum porteri
UC01,PINPON,Pinus ponderosa
UC01,QUEGAM,Quercus gambelii
UC01,MAHREP,Mahonia repens
UC01,OSMDEP,Osmorhiza depauperata
UC01,CAREX SP.,Carex sp.
UC01,MAISTE,Maianthemum stellatum
UC01,PSEMEN,Pseudotsuga menziesii
UC01,ACEGLA,Acer glabrum
UC01,AGOAUR,Agoseris aurantiaca
UC01,SYMALB,Symphoricarpos albus
UC01,RUMCRI,Rumex crispus
UC01,ELYTRA,Elymus trachycaulus
UC01,CIRARV,Cirsium arvense
UC01,GALBOR,Galium boreale
UC01,VIONUT,Viola nuttallii
UC02,CAREX SP.,Carex sp.
UC02,JUNSCO,Juniperus scopulorum
UC02,DELNUT,Delphinium nuttallianum
UC02,MAISTE,Maianthemum stellatum
UC02,COLPAR,Collinsia parviflora 
UC02,MAHREP,Mahonia repens
UC02,QUEGAM,Quercus gambelii
UC02,CERARV,Cerastium arvense strictum
UC02,POAPRA,Poa pratensis
UC02,SCUBRI,Scutellaria brittonii
UC02,BROINE,Bromus inermis
UC02,TAROFF,Taraxacum officinale
UC02,UNK12,
UC02,SYMALB,Symphoricarpos albus
UC02,MIRLIN,Mirabilis linearis
UC02,PSEMEN,Pseudotsuga menziesii
UC02,CLAPER,Claytonia perfoliata
UC02,ACHMIL,Achillea millefolium
UC03,CAREX SP.,Carex sp.
UC03,MAHREP,Mahonia repens
UC03,PSEMEN,Pseudotsuga menziesii
UC03,QUEGAM,Quercus gambelii
UC03,AMEALN,Amelanchier alnifolia
UC03,LIGPOR,Ligusticum porteri
UC03,GALBOR,Galium boreale
UC04,MAHREP,Mahonia repens
UC04,CAREX SP.,Carex sp.
UC04,VACSCO,Vaccinium scoparium
UC04,VERTHA,Verbascum thapsus
UC04,PSEMEN,Pseudotsuga menziesii
UC04,CYNOFF,Cynoglossum officinale
UC04,JUNCOM,Juniperus communis
UC04,ACEGLA,Acer glabrum
UC04,APOAND,Apocynum androsaemifolium
UC05,PSEMEN,Pseudotsuga menziesii
UC05,QUEGAM,Quercus gambelii
UC05,LIGPOR,Ligusticum porteri
UC05,ARNCOR,Arnica cordifolia
UC05,CAREX SP.,Carex sp.
UC05,MAHREP,Mahonia repens
UC05,MAISTE,Maianthemum stellatum
UC05,VULOCT,Vulpia octoflora
UC05,CAREX SP. 2,Carex sp. 2
UC05,GALBOR,Galium boreale
UC05,SYMALB,Symphoricarpos albus
UC05,ROSWOO,Rosa woodsii
UC06,QUEGAM,Quercus gambelii
UC06,COLLIN,Collomia linearis
UC06,CAREX SP.,Carex sp.
UC06,ELYSMI,Elymus smithii
UC06,POLDOU,Polygonum douglasii 
UC06,BROTEC,Bromus tectorum
UC06,COLPAR,Collinsia parviflora 
UC06,CALGUN,Calochortus gunnisonii
UC06,DELNUT,Delphinium nuttallianum
UC06,APOAND,Apocynum androsaemifolium
UC06,CERARV,Cerastium arvense strictum
UC06,AGOGLA,Agoseris glauca
UC06,CLAPER,Claytonia perfoliata
UC06,UNK13,
UC06,PSEMEN,Pseudotsuga menziesii
UC06,GALAPA,Galium aparine
UC07,POLDOU,Polygonum douglasii 
UC07,ARTLUD,Artemesia ludoviciana
UC07,BROTEC,Bromus tectorum
UC07,VULOCT,Vulpia octoflora
UC07,PENVIR,Penstemon virens
UC07,QUEGAM,Quercus gambelii
UC07,GILCUD,Gilia clokeyi 
UC07,ACHMIL,Achillea millefolium
UC07,GAYDIF,Gayophytum diffusum
UC07,SCUBRI,Scutellaria brittonii
UC07,PACFEN,Packera fendleri
UC07,COLPAR,Collinsia parviflora 
UC07,CLAPER,Claytonia perfoliata
UC07,ARIPUR,Aristida purpurea
UC07,BROINE,Bromus inermis
UC07,COLLIN,Collomia linearis
UC07,CAREX SP.,Carex sp.
UC07,DRYFIS,Drymocallis fissa
UC07,CAMPET,Campanula petiolata
UC07,MERLAN,Mertensia lanceolata
UFR01,CLAPER,Claytonia perfoliata
UFR01,CAREX SP.,Carex sp.
UFR01,OSMDEP,Osmorhiza depauperata
UFR01,MAISTE,Maianthemum stellatum
UFR01,COLLIN,Collomia linearis
UFR01,MAHREP,Mahonia repens
UFR01,ACEGLA,Acer glabrum
UFR01,MERLAN,Mertensia lanceolata
UFR01,ROSWOO,Rosa woodsii
UFR01,PRUVIR,Prunus virginiana
UFR01,BROINE,Bromus inermis
UFR01,RIBINE,Ribes inermi
UFR01,VIOCAN,Viola canadensis
UFR01,SYMALB,Symphoricarpos albus
UFR01,TAROFF,Taraxacum officinale
UFR01,GALBOR,Galium boreale
UFR01,PSEMEN,Pseudotsuga menziesii
UFR01,SILANT,Silene antirrhina
UFR01,ERISPE,Erigeron speciosus
UFR02,OSMDEP,Osmorhiza depauperata
UFR02,CYNOFF,Cynoglossum officinale
UFR02,CLAPER,Claytonia perfoliata
UFR02,MAHREP,Mahonia repens
UFR02,VULOCT,Vulpia octoflora
UFR02,ORYASP,Oryzopsis asperifolia
UFR02,MAISTE,Maianthemum stellatum
UFR02,QUEGAM,Quercus gambelii
UFR02,LIGPOR,Ligusticum porteri
UFR02,GALBOR,Galium boreale
UFR02,PSEMEN,Pseudotsuga menziesii
UFR02,CARNUT,Carduus nutans
UFR02,ELYSMI,Elymus smithii
UFR02,SYMALB,Symphoricarpos albus
UFR02,VERTHA,Verbascum thapsus
UFR02,SCUBRI,Scutellaria brittonii
UFR02,LACSER,Lactuca serriola
UFR02,GALAPA,Galium aparine
UFR02,ARNCOR,Arnica cordifolia
UFR02,VIOCAN,Viola canadensis
UFR02,SENINT,Senecio integerrimus 
UFR02,JUNSCO,Juniperus scopulorum
UFR02,HESCOM,Hesperostipa comata
UFR02,DELNUT,Delphinium nuttallianum
UFR02,CAREX SP.,Carex sp.
UFR02,STRAMP,Streptopus amplexifolius
UFR02,POLDOU,Polygonum douglasii 
UFR02,FALCON,Fallopia convolvulus
UFR02,TRADUB,Tragopogon dubius
UFR02,TAROFF,Taraxacum officinale
UFR02,SCRLAN,Scrophularia lanceolata
UFR02,POAPRA,Poa pratensis
UFR02,MERLAN,Mertensia lanceolata
UFR02,APOAND,Apocynum androsaemifolium
UFR02,NEPCAT,Nepeta cataria
UFR02,BOESTR,Boechera stricta
UFR03,MAHREP,Mahonia repens
UFR03,VIOSOR,Viola sororia
UFR03,MAISTE,Maianthemum stellatum
UFR03,OSMDEP,Osmorhiza depauperata
UFR03,LIGPOR,Ligusticum porteri
UFR03,CAREX SP.,Carex sp.
UFR03,CIRARV,Cirsium arvense
UFR03,PRUVIR,Prunus virginiana
UFR03,GALAPA,Galium aparine
UFR03,QUEGAM,Quercus gambelii
UFR03,JUNSCO,Juniperus scopulorum
UFR03,PSEMEN,Pseudotsuga menziesii
UFR03,BROINE,Bromus inermis
UFR03,CLAPER,Claytonia perfoliata
UFR03,CIRALP,Circaea alpina
UFR03,CAMROT,Campanula rotundifolia
UFR03,CYSFRA,Cystopteris fragilis
UFR03,FALCON,Fallopia convolvulus
UFR03,TAROFF,Taraxacum officinale
UFR03,RUMCRI,Rumex crispus
UFR03,VIOCAN,Viola canadensis
UFR03,ARNCOR,Arnica cordifolia
UFR03,DELNUT,Delphinium nuttallianum
UFR04,QUEGAM,Quercus gambelii
UFR04,ALYSIM,Alyssum simplex
UFR04,CAREX SP.,Carex sp.
UFR04,SCUBRI,Scutellaria brittonii
UFR04,PENVIR,Penstemon virens
UFR04,BROTEC,Bromus tectorum
UFR04,ACHMIL,Achillea millefolium
UFR04,HETVIL,Heterotheca vilosa
UFR04,COLLIN,Collomia linearis
UFR04,ALLCER,Allium cernuum
UFR04,ERIUMB,Erigeron umbellularia
UFR04,GALAPA,Galium aparine
UFR04,COMUMB,Comandra umbellata
UFR04,CHAANG,Chamerion angustifolium
UFR04,VERTHA,Verbascum thapsus
UFR04,MONFIS,Monarde fistulosa
UFR04,DRYFIL,Dryopteris filix-mas
UFR04,ELYTRA,Elymus trachycaulus
UFR04,CAMPET,Camelina petiolata
UFR04,LUPARG,Lupinus argenteus
UFR04,JUNSCO,Juniperus scopulorum
UFR04,ARTFRI,Artemisia frigida
UFR04,ASTMIS,Astragalus miser
UFR04,SOLSIM,Solidago simplex
UFR05,CYNOFF,Cynoglossum officinale
UFR05,MAISTE,Maianthemum stellatum
UFR05,ARNCOR,Arnica cordifolia
UFR05,MAHREP,Mahonia repens
UFR05,GALBOR,Galium boreale
UFR05,LIGPOR,Ligusticum porteri
UFR05,VERTHA,Verbascum thapsus
UFR05,JUNCOM,Juniperus communis
UFR05,PSEMEN,Pseudotsuga menziesii
UFR05,VULOCT,Vulpia octoflora
UFR05,CAREX SP.,Carex sp.
UFR05,CAREX SP. 2,Carex sp. 2
UFR05,UNK15,
UFR05,BROINE,Bromus inermis
UFR05,QUEGAM,Quercus gambelii
UFR05,CLAPER,Claytonia perfoliata
UFR05,AQUCOE,Aquilegia coerulea
UFR05,MERLAN,Mertensia lanceolata
UFR05,ROSWOO,Rosa woodsii
UFR05,GALTRI,Galium triflorum
UFR05,OSMDEP,Osmorhiza depauperata
UFR05,TAROFF,Taraxacum officinale
UFR05,ACEGLA,Acer glabrum
UFR06,SYMALB,Symphoricarpos albus
UFR06,VERTHA,Verbascum thapsus
UFR06,LIGPOR,Ligusticum porteri
UFR06,POAPRA,Poa pratensis
UFR06,CAREX SP.,Carex sp.
UFR06,CLAPER,Claytonia perfoliata
UFR06,QUEGAM,Quercus gambelii
UFR06,PRUVIR,Prunus virginiana
UFR06,DELNUT,Delphinium nuttallianum
UFR06,MAISTE,Maianthemum stellatum
UFR06,JUNOCC,Juniperus occidentalis
UFR06,MAHREP,Mahonia repens
UFR06,OSMDEP,Osmorhiza depauperata
UFR06,COLPAR,Collinsia parviflora 
UFR06,GALAPA,Galium aparine
UFR06,UNK12,
UFR06,BROINE,Bromus inermis
UFR06,ROSWOO,Rosa woodsii
UFR07,PSEMEN,Pseudotsuga menziesii
UFR07,CAREX SP.,Carex sp.
UFR07,LIGPOR,Ligusticum porteri
UFR07,MAHREP,Mahonia repens
UFR07,QUEGAM,Quercus gambelii
UFR07,CLAPER,Claytonia perfoliata
UFR07,PRUVIR,Prunus virginiana
UFR07,UNK14,
UFR07,MAISTE,Maianthemum stellatum
UFR07,BROINE,Bromus inermis
UFR07,ARNCOR,Arnica cordifolia
